id,image_path,latent_vector,cluster_label,cluster_center_distance,tsne-2d-one,tsne-2d-two
0,(BCBG) 린넨 셔츠 칼라 원피스.jpeg,"0.0,0.0,1.1292714,0.0,0.0,0.0,0.0,0.1607252,0.24716395,0.0,0.7126564,0.0,0.0,0.0,0.12530765,0.72925955,1.1966017,0.0,0.0,0.9085134,0.0,0.0,0.0,0.0,0.0,0.0,0.0,0.0,0.0,0.0,0.89428717,1.1234763,0.0,0.0,0.0,0.109562695,0.20957945,0.0,0.0,0.0,0.0,0.0,0.5766876,0.0,0.92537093,0.0,0.7733524,0.57315636,0.50642836,1.179974,1.1227787,0.0,0.94525146,0.0,0.21234617,0.15570353,0.5587609,0.39736587,0.0,1.2056025,0.0,0.0,0.11738546,0.0",4,1.0150884,-1.2171412,-9.468285
1,(BCBG) 린넨 솔리드 원피스.jpeg,"0.51959443,0.0,0.3504197,0.0,0.0,0.0,0.0,0.24521856,0.5281109,0.0,0.40397745,0.51996243,0.20196527,0.0,0.6111928,0.808263,1.8581723,0.0,0.0,1.194893,0.0,0.0,0.0,0.02027896,0.0,0.0,0.0,0.0,0.0,0.0,0.0,1.5374932,0.0,0.0,0.0,0.5298595,0.0,0.0,0.0,0.25675377,0.0,0.0,0.81367195,0.08661324,1.0719757,0.0,0.0,0.3639759,0.18541312,1.3052837,0.5714776,0.1261587,1.0834339,0.0,0.0,0.18973751,0.6191563,0.16661917,0.0,0.48546624,0.0,0.0,0.22984806,0.0",5,1.2542913,-1.5899258,6.253938
2,(BCBG) 멜리나 모 혼방 원피스.jpeg,"0.041195273,0.0,0.45077035,0.0,0.0,0.0,0.0,0.0,0.6447587,0.0,0.742651,0.2987153,0.0,0.0,0.0,1.0795741,1.73944,0.3532198,0.0,1.632205,0.0,0.0,0.0,0.0,0.0,0.0,0.0099942535,0.0,0.23357338,0.0,0.35363173,2.15357,0.19195461,0.0,0.0,0.23786336,0.0040655434,0.0,0.0,0.0,0.0,0.0,0.5443928,0.0,1.3899293,0.0,0.18918939,0.41533923,0.4381364,1.1500376,0.49718186,0.0,1.412705,0.0,0.31627005,0.57977873,0.59477127,0.0,0.0,0.015725754,0.44500026,0.0,0.24755052,0.0",6,1.256773,-4.2435594,7.83207
3,(BCBG) 캐시미어 혼방 립 조직 니트 원피스.jpeg,"0.15729767,0.0,0.41706395,0.0,0.0,0.0,0.0,0.0,0.5648067,0.0,1.0118451,0.0,0.027621597,0.0,0.20186156,0.7524713,1.4931214,0.39396587,0.0,1.0824783,0.0,0.0,0.0,0.0,0.0,0.0,0.0,0.0,0.0,0.0,0.0,1.7612273,0.0,0.0,0.0,0.39281607,0.04417537,0.0,0.0,0.0,0.0,0.0,1.1298338,0.01785113,0.84161884,0.0,0.23911531,0.48763543,0.59282845,1.1572105,0.38563472,0.0,1.2749021,0.0,0.33917755,0.9010771,0.6787269,0.0,0.0,0.15387133,0.068541646,0.0,0.024405703,0.0",6,0.8930534,-1.4329795,9.493261
4,(BCBG)(~77size) 도트 반팔 벨티드 원피스.jpeg,"0.5813651,0.0,0.49657086,0.0,0.0,0.0,0.0,0.0,0.79144216,0.0,0.7465753,0.35253793,0.0,0.0,0.4631477,0.5308558,1.2793083,0.22857997,0.0,1.0735793,0.0,0.0,0.0,0.0,0.0,0.0,0.0,0.0,0.0,0.0,0.12563549,2.0266292,0.058145553,0.0,0.0,0.7056091,0.3431108,0.0,0.0,0.0,0.0,0.0,0.88363004,0.0,1.0119786,0.0,0.3027087,0.13275805,0.43822068,1.3071434,0.49701118,0.0,1.1462529,0.0,0.0,0.65572894,1.0150566,0.2659427,0.0,0.19870019,0.0,0.0,0.0,0.0",6,0.757899,-0.5363911,8.581814
5,(BCBG)(~77size) 로제 프린트 원피스.jpeg,"0.63182217,0.0,0.8277934,0.0,0.0,0.0,0.0,0.0,0.46797702,0.0,0.9433124,0.0,0.0,0.0,0.2045487,0.8702352,1.1172632,0.0,0.0,1.137003,0.0,0.0,0.0,0.0,0.0,0.0,0.0,0.0,0.0,0.0,0.80750954,1.2813048,0.3510682,0.0,0.0,0.5954258,0.34785107,0.0,0.0,0.0,0.0,0.0,0.9293661,0.09505969,1.462282,0.0,0.13023442,0.48296648,0.30647597,1.028164,0.51973414,0.0,1.3000412,0.0,0.0,0.14113884,0.77596533,0.18925825,0.0,0.4173309,0.21460277,0.0,0.0,0.0",7,1.0332396,2.9481997,5.614497
6,(BCBG)(~77size) 플루아 프린트 원피스.jpeg,"0.13129136,0.0,1.1771061,0.0,0.0,0.0,0.0,0.35105276,0.11118615,0.0,0.6190868,0.0,0.0,0.0,0.008634761,0.88790035,1.2787203,0.0,0.0,1.0521739,0.0,0.0,0.0,0.0,0.0,0.0,0.0,0.0,0.13835683,0.0,0.7420198,0.870566,0.0,0.0,0.0,0.39253962,0.43185514,0.0,0.0,0.0,0.0,0.0,0.48993897,0.010108933,1.1801677,0.0,0.5436515,0.43864644,0.45546067,0.9214219,1.0545557,0.0,0.8555142,0.0,0.14461549,0.09888293,0.7427112,0.19815326,0.0,0.59706205,0.0,0.0,0.5791997,0.0",2,0.79701763,-0.30822957,-8.225316
7,(BCBG)깅엄체크 원피스.jpeg,"0.5802287,0.0,0.34021088,0.0,0.0,0.0,0.0,0.0,0.72365016,0.0,0.61431634,0.56369543,0.0,0.0,0.5597747,0.32558656,1.3810309,0.02921334,0.0,1.2101219,0.0,0.0,0.0,0.0,0.037118793,0.0,0.0,0.0,0.0,0.0,0.051136017,1.8249336,0.2516805,0.0,0.0,0.7937329,0.35239327,0.0,0.0,0.013076872,0.0,0.0,0.6498843,0.0,1.1983335,0.0,0.3097614,0.32128036,0.46727479,1.3745909,0.6810485,0.0,1.4194655,0.0,0.0,0.48353678,0.9025636,0.15254705,0.0,0.24520761,0.0,0.0,0.0,0.0",6,1.0853198,-0.66549045,8.184772
8,(LAON) 바쉬드 V넥 페이즐 벨트 set 원피스.jpeg,"0.43020132,0.0,0.74040437,0.0,0.0,0.0,0.0,0.89752764,0.3236795,0.0,1.0900912,0.33136243,0.0,0.0,0.47565383,0.6316613,1.6309373,0.0,0.0,1.0575122,0.0,0.0,0.0,0.24652033,0.0,0.0,0.0,0.0,0.0,0.0,0.4408739,1.1584024,0.0,0.0,0.0,0.60376585,0.0,0.0,0.0,0.16327874,0.0,0.0,0.30583382,0.0,1.372442,0.0,0.032973364,0.58512753,0.7924875,1.1150883,0.34032783,0.0,1.0467569,0.0,0.0,0.0,0.99057364,0.84155214,0.0,0.15614241,0.0,0.0,0.65168726,0.0",3,1.3640836,4.2072234,-1.8515177
9,(LAON) 배색 나염 벨트SET 프릴 나시 플레어 원피스_1color.jpeg,"0.61467886,0.0,0.42205796,0.0,0.0,0.0,0.0,0.0,0.28832796,0.0,0.97844774,0.2175186,0.25441867,0.0,0.32231143,0.7073803,1.5934732,0.20961678,0.0,1.3189943,0.0,0.0,0.0,0.0,0.10906431,0.0,0.0,0.0,0.0,0.0,0.38847712,1.7007842,0.0,0.0,0.0,0.617217,0.05410345,0.0,0.0,0.0,0.0,0.0,1.1717751,0.0,1.2407851,0.0,0.16229078,0.30261973,0.65989745,0.99942553,0.282207,0.0,1.2252839,0.0,0.0,0.18037751,0.80639565,0.2980971,0.0,0.37601972,0.0,0.0,0.33713278,0.0",8,0.9032013,0.33107087,6.0286903
10,(~77사이즈) 패턴 랩 원피스_SWWOPM21190.jpeg,"0.045978874,0.0,0.8030988,0.0,0.0,0.0,0.0,0.21481937,0.3132912,0.0,0.43705454,0.0,0.0,0.0,0.0,0.78600144,1.6735387,0.0,0.0,0.9653051,0.0,0.0,0.0,0.0,0.0,0.0,0.0,0.0,0.0,0.0,0.44130176,1.3406602,0.15413189,0.0,0.0,0.31530142,0.4880097,0.0,0.0,0.0,0.0,0.0,0.472436,0.0,0.76427144,0.0,0.45886204,0.66131234,0.3602613,1.2933235,1.0708777,0.0,1.0390836,0.0,0.0,0.50991005,0.716699,0.4231038,0.0,0.519171,0.0,0.0,0.14224616,0.0",2,0.86254674,-2.7930455,-5.742583
11,(~88size)드로잉 플라워 주름 원피스.jpeg,"0.27912253,0.0,0.5168123,0.0,0.0,0.0,0.0,0.46475768,0.48649824,0.0,1.5789313,0.1993005,0.15914743,0.0,0.39466947,0.7142482,1.312591,0.0,0.0,1.1669493,0.0,0.0,0.0,0.0,0.0,0.0,0.0,0.0,0.0,0.0,0.5334487,1.8091636,0.0,0.0,0.0,0.36090037,0.3630309,0.0,0.0,0.06614347,0.0,0.0,0.9622403,0.0,1.532747,0.0,0.38691294,0.62979996,0.93124914,1.1260566,0.21579815,0.0,1.3055949,0.0,0.0,0.0,0.8281819,0.20249736,0.0,0.3240233,0.0,0.0,0.31319502,0.0",8,0.7955294,-0.8040377,1.7801965
12,(가을 버젼) 슈크림 와플 캉캉 원피스(소매 긴기장 추가).jpeg,"0.0,0.0,0.8258876,0.0,0.18165344,0.0,0.0,0.40858826,0.0,0.0,1.3246924,0.0,0.0,0.0,0.065246925,1.109751,1.2038982,0.17374462,0.0,1.5334208,0.0,0.0,0.0,0.0,0.07123391,0.0,0.0,0.0,0.0,0.5424932,0.4209969,0.6608415,0.17651665,0.0,0.0,0.0,0.3228947,0.0,0.0,0.08417861,0.0,0.0,0.18421575,0.0,1.6280437,0.0,0.6525238,0.9681372,1.1599586,0.9515959,0.4071002,0.0,1.1943578,0.0,0.48914266,0.07350533,1.0397364,0.5227191,0.0,0.29058906,0.0,0.0,0.7380527,0.0",9,1.0671625,6.502618,-6.3936825
13,(더아이잗) 니트 배색 비대칭 플레어 원피스 IL9A0OP07.jpeg,"0.47437727,0.0,0.39974934,0.22323895,0.0,0.0,0.0,0.023345605,0.27370095,0.0,0.86658657,0.27274817,0.27336532,0.0,0.8827121,0.6506042,1.5785764,0.042053998,0.0,1.226728,0.0,0.0,0.0,0.0,0.0,0.0,0.0,0.0,0.0,0.0,0.0,1.542868,0.0,0.0,0.0,0.642757,0.0,0.0,0.0,0.0,0.0,0.0,0.85409147,0.0,1.4251869,0.0,0.0,0.5182718,0.59766513,1.276927,0.42474434,0.0,1.3608775,0.0,0.0,0.28328127,0.7511218,0.0,0.0,0.0,0.0,0.0,0.0,0.0",8,1.0643973,-1.7495487,6.9295683
14,(더아이잗) 더블 버튼 슬릿 디테일 원피스 IN3M0OP80.jpeg,"0.0,0.0,0.9676932,0.0,0.12842876,0.0,0.0,0.63311505,0.4146154,0.0,0.4068296,0.0,0.0,0.0,0.0,0.8288567,1.5170234,0.0,0.0,0.70812094,0.0,0.0,0.0,0.0,0.0,0.0,0.0,0.0,0.0,0.0,0.11931693,1.2765744,0.0,0.19148582,0.0,0.18686283,0.08039008,0.0,0.0,0.20752239,0.0,0.0,0.25440657,0.29711136,0.3001532,0.0,0.4069134,0.38222522,0.3552668,1.0654484,0.46009195,0.0,0.5970646,0.0,0.289949,0.0165596,0.7096521,0.7406933,0.0,0.6325362,0.0,0.0,1.085341,0.0",2,1.5196472,1.0858359,-10.312688
15,(더아이잗) 백 밴딩 프릴 슬리브 원피스 IN4A0OP01.jpeg,"0.0,0.0,1.0960147,0.0,0.0,0.0,0.0,0.5290981,0.4328493,0.0,0.62339133,0.0,0.0,0.0,0.0,0.90498173,1.0980877,0.0,0.0,0.98305076,0.0,0.0,0.0,0.0,0.0,0.0,0.0,0.0,0.0,0.0,0.64769477,0.9963875,0.0,0.0,0.0,0.1986959,0.34368795,0.0,0.0,0.0,0.0,0.0,0.5362443,0.15296583,0.8053815,0.0,0.85048187,0.50385725,0.2842373,1.0222081,0.7880178,0.0,1.071487,0.0,0.17929396,0.19459303,0.64028376,0.526728,0.0,0.8163772,0.0,0.0,0.5411153,0.0",4,0.8501429,-0.6020312,-9.20857
16,(더아이잗) 밴딩 셔츠 원피스 IN6P0OP13.jpeg,"0.18120888,0.0,1.0193481,0.0,0.0,0.0,0.0,0.0,0.3116628,0.0,0.79802895,0.0,0.0,0.0,0.12718023,0.74589956,1.3418891,0.0,0.0,0.90030426,0.0,0.0,0.0,0.0,0.0,0.0,0.0,0.0,0.0,0.0,0.7917949,1.1799877,0.050796658,0.0,0.0,0.55370176,0.18246664,0.0,0.0,0.0,0.0,0.0,0.6988363,0.1656949,1.1079465,0.0,0.28957626,0.5337576,0.47973436,1.1390423,0.8391304,0.0,1.2445345,0.0,0.0,0.097987056,0.5613642,0.35087585,0.0,0.6501678,0.0,0.0,0.0,0.0",2,0.9637497,-1.6536782,-6.862859
17,(더아이잗) 블라우스 배색 플리츠 원피스 IM4A0OP18.jpeg,"0.18037587,0.0,0.9017558,0.0,0.0,0.0,0.0,0.2395453,0.5567213,0.0,0.1701452,0.0,0.0,0.0,0.0,0.76526356,1.5328963,0.0,0.0,0.9045364,0.0,0.0,0.0,0.0,0.0,0.0,0.0,0.0,0.07001333,0.0,0.2755929,0.5093816,0.0,0.0,0.0,0.55073684,0.19313505,0.0,0.0,0.0,0.0,0.037244678,0.05656147,0.423988,1.405755,0.0,0.41381487,0.23821434,0.81904626,0.96118724,0.80291784,0.0,0.91036916,0.0,0.0,0.0,0.71736026,0.11500086,0.0,0.18881601,0.0,0.0,0.31683502,0.0",2,1.1563647,-0.45772237,-11.297868
18,(더아이잗) 오간자 배색 서스펜더 원피스 IM4A0OP20.jpeg,"0.8976222,0.0,0.9534434,0.0,0.0,0.0,0.0,0.0,0.23897833,0.0,0.582625,0.09711942,0.0,0.0,0.0,1.0221988,1.3073206,0.7085841,0.0,1.0987418,0.0,0.0,0.0,0.0,0.0,0.0,0.0,0.0,0.0,0.20272781,0.0,1.5732849,0.1311988,0.0,0.0,0.60536087,0.39695796,0.0,0.0,0.24173976,0.0,0.0,0.5815635,0.046720326,0.984312,0.0,0.25953197,0.0,0.082722396,1.0310814,0.43248504,0.0,1.3450665,0.0,0.0,0.63102794,0.7079369,0.17891559,0.0,0.38740906,0.139772,0.0,0.0,0.0",6,1.1669126,2.4516838,8.853509
19,(더아이잗) 턱 디테일 셔츠 원피스 IN5P0OP52.jpeg,"0.0,0.0,0.93575484,0.0,0.41626924,0.0,0.0,0.3164376,0.66257346,0.0,1.3248942,0.0,0.0,0.0,0.3924774,0.8763008,1.4461591,0.0,0.0,1.0103338,0.0,0.0,0.0,0.0,0.0,0.0,0.0,0.0,0.0,0.0,0.25185776,1.3265017,0.0,0.0,0.0,0.0,0.18257006,0.0,0.0,0.4422472,0.0,0.0,0.18990684,0.0,0.98542833,0.0,0.89948165,1.0349518,0.18009186,1.084798,0.69646657,0.0,1.2280374,0.0,0.5018271,0.063195765,0.9874401,0.28155607,0.0,0.84745073,0.0,0.0,0.21670192,0.0",0,1.2259632,3.259245,-10.716548
20,(더틸버리) 세일러 칼라 배색 니트 원피스 TN4M1OP51.jpeg,"0.0,0.0,1.0418353,0.0,0.0,0.0,0.0,0.53513193,0.51946795,0.0,0.65616715,0.0,0.0,0.0,0.0,0.78418636,1.3009512,0.0,0.0,0.8133523,0.0,0.0,0.0,0.0,0.0,0.0,0.0,0.0,0.0,0.0,0.58824027,1.1705937,0.0,0.0,0.0,0.33493078,0.018392473,0.0,0.0,0.0,0.0,0.0,0.36433724,0.12848322,0.6090386,0.0,0.60191965,0.36316305,0.4470752,1.117559,0.681532,0.0,1.012803,0.0,0.1248938,0.22667359,0.60233605,0.4719912,0.0,0.84787685,0.0,0.0,0.48270285,0.0",2,0.96614057,0.0014982637,-9.4067545
21,(예쎄) 하프넥 플리츠배색 원피스(YT11OP40M).jpeg,"0.0,0.0,0.4444468,0.08825934,0.0,0.0,0.0,0.0,0.5679395,0.0,0.94007075,0.24542268,0.0,0.0,0.0,1.0042135,1.8868604,0.22978935,0.0,1.373774,0.0,0.0,0.0,0.0,0.0,0.0,0.05412844,0.0,0.12296124,0.0,0.28167742,2.202002,0.060897857,0.0,0.0,0.22772598,0.057772554,0.0,0.0,0.043327376,0.0,0.0,0.44596678,0.0,1.3974899,0.0,0.32598412,0.61241466,0.55226684,1.410659,0.5350276,0.0,1.6201801,0.0,0.37430444,0.35850015,0.6477906,0.18614367,0.0,0.0,0.28813848,0.22154523,0.5613659,0.0",5,1.2218187,-4.683092,7.7781544
22,40890_지퍼반오픈 냉감 메모리원피스.jpeg,"0.0,0.0,1.2247732,0.0,0.0,0.0,0.0,0.72666717,0.4861107,0.0,0.86717486,0.0,0.0,0.0,0.21147832,0.6301506,1.3330426,0.0,0.0,1.1900548,0.0,0.0,0.0,0.0,0.0,0.0,0.0138848275,0.0,0.0,0.0,1.1973727,1.1337911,0.0,0.0,0.0,0.37466836,0.47726375,0.0,0.0,0.45492053,0.0,0.0,0.36572722,0.21809477,0.96489036,0.0,1.0495098,0.77091205,0.7670655,0.8032382,1.1047425,0.0,0.7007192,0.0,0.16085832,0.0,0.75699115,0.84958917,0.0,0.8098399,0.0,0.0,0.82573247,0.0",4,1.0354254,-3.4478576,-10.123294
23,43859_허리비죠 메모리 핀턱원피스.jpeg,"0.0,0.0,1.0167154,0.0,0.0,0.0,0.0,0.79188216,0.51443934,0.0,1.2477292,0.0,0.0207396,0.0,0.21235187,0.8188231,1.27577,0.0,0.0,1.3797506,0.0,0.0,0.0,0.0,0.0,0.0,0.26254413,0.0,0.0,0.0,0.8521055,1.4280573,0.0,0.0,0.0,0.28367877,0.56321555,0.0,0.0,0.11865856,0.0,0.0,0.40585354,0.0,1.4145293,0.0,0.6828222,0.7188617,0.5020779,1.2051816,0.46127856,0.0,1.207377,0.0,0.2561407,0.15605691,1.1779568,0.60433304,0.0,0.59831095,0.0,0.0,0.9787499,0.0",0,1.0423648,3.3209164,-5.773875
24,4단캉캉 레이스 롱원피스.jpeg,"0.13142234,0.0,0.2866255,0.0,0.0,0.0,0.0,0.17928028,0.7805838,0.0,1.2064964,0.6026126,0.0,0.0,0.35516274,0.39987624,1.3050311,0.34388906,0.0,1.511391,0.0,0.0,0.0,0.0,0.0,0.0,0.0,0.0,0.0,0.0,0.42723873,2.1699805,0.34208688,0.0,0.0,0.5404448,0.53687197,0.0,0.0,0.0,0.0,0.0,0.983974,0.0,1.3927176,0.0,0.44695938,0.44734308,0.8532073,1.3012847,0.5697565,0.0,1.3643016,0.0,0.062429428,0.27424443,1.1712797,0.3846061,0.0,0.0016323626,0.0,0.0,0.0,0.0",8,1.1725459,-0.022610694,4.17537
25,7부소매 지그재그 나염 A라인 롱랩원피스 (3color).jpeg,"0.029736817,0.0,1.1393837,0.0,0.0,0.0,0.0,0.47189277,0.122344434,0.0,0.7485352,0.0,0.0,0.0,0.32053107,0.9596493,1.4043978,0.0,0.0,0.95734906,0.0,0.0,0.0,0.0,0.0,0.0,0.0,0.0,0.16045436,0.0,0.49189475,0.9343278,0.0,0.0,0.0,0.52251226,0.07975413,0.0,0.0,0.0,0.0,0.0,0.34777635,0.0,1.1514748,0.0,0.30133933,0.5232275,0.38022757,0.9407369,1.0777955,0.0,1.0830121,0.0,0.1581704,0.12275581,0.9118062,0.19293125,0.0,0.42719644,0.0,0.0,0.4626645,0.0",2,0.7563504,-0.016805664,-7.9212418
26,A425 린넨 써스버튼 원피스.jpeg,"0.0,0.0,0.504573,0.03004551,0.0,0.0,0.0,0.24177969,0.43109852,0.0,1.4658276,0.12124559,0.0,0.0,0.25294495,0.9529302,1.97826,0.0,0.0,1.1585166,0.0,0.0,0.0,0.0,0.0,0.0,0.07305819,0.0,0.0,0.0,0.17959687,1.4754531,0.0,0.0,0.0,0.29573584,0.0,0.0,0.0,0.0,0.14807796,0.0,0.7029705,0.0,1.0520043,0.0,0.29615834,0.66204345,0.35980335,1.2145729,0.40234828,0.0,0.91928625,0.0,0.023180425,0.014891535,0.8643936,0.0,0.0,0.3150702,0.11441332,0.0,0.44176745,0.0",5,0.8698769,-5.5968804,0.99182856
27,VIVID 여성 민소매 루즈핏 나시 원피스.jpeg,"1.0925056,0.21818371,1.1501112,0.0,0.0,0.0,0.0,0.0,0.28968054,0.0,0.48856053,0.17741174,0.0,0.0,0.095041186,0.0,0.8124826,0.444341,0.0,1.1368124,0.0,0.0,0.0,0.0,0.03431265,0.0,0.0,0.0,0.0,0.0,0.5789287,1.052399,0.0,0.0,0.0,0.5799065,1.1773336,0.0,0.0,0.0,0.0,0.0,1.2252086,0.30605763,0.82476497,0.0,0.52146065,0.10170171,0.82205176,1.0951858,0.68611646,0.0,1.0854416,0.0,0.055433452,0.33636177,1.2449002,0.06266637,0.0,0.3264008,0.17696035,0.0,0.111415565,0.0",7,1.7929177,2.538763,12.575017
28,[23 신상] 셔링디테일 더블카라 롱 원피스 (BGOAF7511).jpeg,"0.13311088,0.0,0.62518054,0.0,0.0,0.0,0.0,0.0,0.7179333,0.0,0.94086796,0.47344014,0.0,0.0,0.35207462,0.8175259,1.5109621,0.33248484,0.0,1.0984789,0.0,0.0,0.0,0.0,0.0,0.0,0.0,0.0,0.0,0.0,0.0,1.9012212,0.074962676,0.0,0.0,0.5988828,0.0,0.0,0.0,0.0,0.0,0.0,0.7797818,0.0,1.178855,0.0,0.0,0.517631,0.29244238,1.4526577,0.51455045,0.0,1.2154933,0.0,0.21042818,0.7112446,0.92058456,0.0,0.0,0.0,0.08715975,0.0,0.0,0.0",6,0.81547797,-2.059031,9.821323
29,[2SET]골지니트 샤 원피스 가디건 세트.jpeg,"0.0,0.0,0.5712316,0.0,0.0,0.0,0.0,0.035932302,0.69635713,0.0,1.1776787,0.16019262,0.0,0.0,0.31991395,0.93714476,1.730947,0.0,0.0,1.2784715,0.0,0.0,0.0,0.0,0.0,0.0,0.14975762,0.0,0.0,0.0,0.047095686,1.8254889,0.05302438,0.0,0.0,0.2927982,0.0,0.0,0.0,0.0,0.0,0.0,0.7084992,0.0,1.06434,0.0,0.34036595,0.99366814,0.47834143,1.4754024,0.52577,0.0,1.1139877,0.0,0.2886717,0.5484953,1.1156408,0.0,0.0,0.2720304,0.0,0.0,0.23120451,0.0",5,0.8855173,-6.2077394,3.1001122
30,[2SET]플리츠원피스 체크베스트 세트.jpeg,"0.6131551,0.0,0.7004279,0.0,0.0,0.0,0.0,0.32829267,0.725929,0.0,1.0561347,0.4228049,0.0,0.0,0.49243867,0.5927819,1.4634573,0.26464176,0.0,1.2949014,0.0,0.0,0.0,0.0,0.0,0.0,0.0,0.0,0.0,0.0,0.09964712,1.8296943,0.0,0.0,0.0,0.50869656,0.21881962,0.0,0.0,0.0,0.0,0.0,0.86413467,0.0,1.2998163,0.0,0.09523292,0.22800347,0.40176874,1.296788,0.46874028,0.0,1.2331234,0.0,0.13023877,0.32184237,0.99689996,0.09276955,0.0,0.0,0.0,0.0,0.050159678,0.0",6,0.7980533,-0.6523456,7.5966825
31,"[55,66,77size] 진주 펄 트위드 플레어 원피스 RM2OP902.jpeg","0.0,0.0,0.995221,0.0,0.0,0.0,0.0,0.4119535,0.54544866,0.0,0.6256275,0.0,0.0,0.0,0.0,0.5882009,1.1944242,0.0,0.0,1.3173784,0.0,0.0,0.0,0.0,0.0,0.0,0.0,0.0,0.0,0.0,0.9619609,1.008352,0.010284275,0.0,0.0,0.51279914,0.28604186,0.0,0.0,0.048418313,0.0,0.0,0.80460477,0.15197611,0.9136036,0.0,0.68900204,0.66901433,0.50572485,1.057831,0.6184611,0.0,1.1888784,0.0,0.0,0.16470976,0.6630229,0.7390596,0.0,0.5939287,0.030974448,0.0,0.3501016,0.0",4,0.732322,-1.8962362,-7.8332276
32,[55~77](셀럽착용) 플라워 여신 롱원피스(2 color).jpeg,"0.14879104,0.0,0.4933861,0.04369904,0.0,0.0,0.0,0.15375137,0.21327627,0.0,0.66123086,0.0,0.0,0.0,0.40248215,0.6068015,1.6122884,0.0,0.0,1.2803681,0.0,0.0,0.0,0.0,0.0,0.0,0.055591434,0.0,0.0,0.0,0.01050657,1.6534034,0.0602656,0.0,0.0,0.36017832,0.3031159,0.0,0.0,0.0,0.0,0.0,0.5895253,0.0,1.2721431,0.0,0.39840886,0.53312147,0.4877467,1.3883666,0.9505094,0.0,1.3290637,0.0,0.0,0.4775346,0.8569671,0.2976796,0.0,0.15105063,0.0,0.0,0.022860885,0.0",5,1.003934,-2.9722934,5.79119
33,[55~77까지] 트임 플리츠 히로인 원피스.jpeg,"0.0,0.0,0.5998261,0.0016510487,0.0,0.0,0.0,0.15486327,0.3747419,0.0,0.84713215,0.0,0.0,0.0,0.36166388,0.910904,1.651284,0.0,0.0,1.4016306,0.0,0.0,0.0,0.0,0.0,0.0,0.15735123,0.0,0.0,0.0,0.5230539,1.4891211,0.0,0.0,0.0,0.4137516,0.30591035,0.0,0.0,0.0,0.0,0.0,0.35546255,0.0,1.314916,0.0,0.52133226,0.9523679,0.315237,1.3798885,1.1646999,0.015195966,1.3810811,0.0,0.19129115,0.4186918,0.69197655,0.30800104,0.0,0.83104527,0.0,0.0,0.494038,0.0",5,1.1300765,-4.423339,-4.4813924
34,[77까지]명품클래식맞주름플레어랩원피스.jpeg,"0.0,0.0,0.8424666,0.0,0.0,0.0,0.0,0.15975954,0.6891773,0.0,0.64612186,0.0,0.0,0.0,0.0,0.85883474,1.4056474,0.0,0.0,0.87306154,0.0,0.0,0.0,0.0,0.0,0.0,0.0,0.0,0.0,0.0,0.9469802,0.9696507,0.046878815,0.0,0.0,0.5838139,0.1755075,0.0,0.0,0.0,0.0,0.0,0.49859044,0.39897907,1.0554506,0.0,0.4133476,0.46049732,0.4962188,1.0307108,0.47765082,0.0,1.06033,0.0,0.0,0.0,0.6353049,0.5372828,0.0,0.6233492,0.034070134,0.0,0.30574033,0.0",4,1.0305729,-1.3930238,-7.581535
35,[made] 리샤 레이스 퍼프 원피스(S~L).jpeg,"0.082852274,0.0,0.99305606,0.0,0.0,0.0,0.0,0.21428499,0.5476865,0.0,1.0578822,0.0,0.0,0.0,0.0,0.70668215,1.0031341,0.009325087,0.0,1.57851,0.0,0.0,0.0,0.0,0.0,0.0,0.0077831894,0.0,0.0,0.0,1.1387452,0.98150754,0.046547055,0.0,0.0,0.1697616,0.51211774,0.0,0.0,0.0,0.0,0.0,1.281679,0.4522942,1.1215534,0.0,0.5924058,0.5299595,0.8469044,1.1118939,0.33375293,0.0,1.1173465,0.0,0.039271697,0.10383578,0.9024786,0.44605672,0.0,0.1315608,0.022699833,0.0,0.64668596,0.0",7,1.1047128,-4.198752,-6.9676304
36,[MAXZA][당일출고]골드스티치 아웃포켓 벨티드 롱원피스(벨트2종포함).jpeg,"0.06759769,0.0,0.34219024,0.0,0.0,0.0,0.0,0.046896495,0.72027135,0.0,1.1470134,0.05510333,0.0,0.0,0.8149879,0.42544627,1.386507,0.19260317,0.0,1.173891,0.0,0.0,0.0,0.0,0.0,0.0,0.15506509,0.0,0.0,0.0,0.005072385,1.9470483,0.29812944,0.0,0.06931768,0.39153397,0.0,0.0,0.0,0.0,0.0,0.0,0.55933595,0.0,1.6443185,0.0,0.24840811,0.8209534,0.34083104,1.7639055,0.062250108,0.0,1.5436716,0.0,0.0,0.44078004,0.5496877,0.25378746,0.0,0.04870625,0.2015233,0.07064614,0.36165094,0.0",1,0.6865797,-6.8190575,6.2716937
37,[MAXZA][당일출고]데님 블록 프린트 벨티드 셔츠 롱원피스.jpeg,"0.0,0.0,0.40929747,0.030754536,0.0,0.0,0.0,0.43748277,0.5128793,0.0,1.2323967,0.0,0.0,0.0,0.7850036,1.0113716,1.852145,0.0,0.0,0.84208536,0.0,0.0,0.0,0.0,0.0,0.0,0.0,0.0,0.0,0.0,0.0,1.3855591,0.039477587,0.0,0.0,0.77337277,0.14806479,0.0,0.0,0.0,0.0,0.0,0.5049394,0.0,1.4961766,0.0,0.22987834,1.0618988,0.65121967,1.4232903,0.5854013,0.057186306,1.3170519,0.0,0.0,0.0,1.072675,0.23345017,0.0,0.5339246,0.0,0.0,0.6108809,0.0",5,1.0118085,-5.792621,-0.60060257
38,[MAXZA][당일출고]드로잉 패턴 셔츠 원피스(벨트포함).jpeg,"0.0,0.0,0.9649453,0.0,0.0,0.0,0.0,0.8808666,0.6998688,0.0,1.2634249,0.0,0.0,0.0,0.119401425,0.9382756,1.2187269,0.0,0.0,1.2548143,0.0,0.0,0.0,0.0,0.0,0.0,0.21660185,0.0,0.0,0.0,0.67907584,1.4339895,0.0,0.0,0.0,0.0,0.72428024,0.0,0.0,0.1821303,0.0,0.0,0.60820425,0.0,1.0906382,0.0,0.6985315,0.8657548,0.47480214,1.0209963,0.56033653,0.05489125,0.77248275,0.0,0.5656304,0.1130895,1.0493312,0.49845955,0.0,0.81014633,0.0,0.0,0.53309226,0.0",0,0.80909294,3.4007742,-7.095832
39,[MAXZA][당일출고]클로버 플라워 패턴 볼륨 플레어 롱원피스(벨트2종포함).jpeg,"0.0,0.0,0.41977596,0.0,0.0,0.0,0.0,0.15006432,0.46410856,0.0,1.2154677,0.041479856,0.0,0.0,0.76679736,1.0638411,1.4511067,0.0,0.0,0.8563684,0.0,0.0,0.0,0.0,0.0,0.0,0.090394944,0.0,0.0,0.0,0.0151963085,1.174607,0.0,0.0,0.0,0.37964332,0.3695919,0.0,0.0,0.0,0.0,0.0,0.63781786,0.0,1.6470399,0.0,0.16701794,0.6904773,0.19863254,1.2216963,0.44407892,0.0,1.0449469,0.0,0.0,0.0,0.85003674,0.0002644509,0.0,0.4264054,0.0,0.0,0.4981182,0.0",5,1.0816711,-5.4413366,-1.2127179
40,[MAXZA][당일출고]플리츠 도트 리본 핏앤플레어 원피스 (~77까지).jpeg,"0.0,0.0,0.021973535,0.24858716,0.0,0.0,0.0,0.0,0.20037907,0.0,1.3384712,0.5462335,0.0061290525,0.0,0.6666616,0.8799348,1.5822414,0.0,0.0,1.377394,0.0,0.0,0.0,0.0,0.0,0.0,0.0,0.0,0.0,0.0,0.008948386,1.0708137,0.0,0.0,0.0,0.38321128,0.40780038,0.0,0.0,0.0,0.0,0.0,1.2807775,0.0,1.6276746,0.0,0.14153336,0.78879654,0.6870171,1.2675129,0.4215874,0.06399706,1.0016571,0.0,0.16451572,0.0,1.1404108,0.0,0.0,0.77534705,0.0,0.0,0.24816695,0.0",8,1.3886653,-3.8582442,2.5761425
41,[MAXZA][당일출고]플리츠 카라 그라데이션 레이스 롱원피스 (~77까지).jpeg,"0.123126894,0.0,0.7054908,0.0,0.0,0.0,0.0,0.2390417,0.44038993,0.0,0.99310756,0.0,0.15167333,0.0,0.40334994,0.8686662,1.412096,0.0,0.0,1.3033617,0.0,0.0,0.0,0.0,0.0,0.0,0.06342563,0.0,0.0,0.0,0.022554547,1.7826436,0.0,0.0,0.0,0.30715108,0.25336945,0.0,0.0,0.0,0.0,0.0,1.2215959,0.0,1.1714401,0.0,0.1537367,0.4704554,0.45600033,1.144399,0.21526188,0.0,1.115953,0.0,0.0,0.6455505,0.7419694,0.27305508,0.0,0.16775662,0.0,0.0,0.0,0.0",6,0.9693159,-1.8719767,8.520079
42,[populet]네이비 스트랩 면 셔츠형원피스 WSDR2A701N2.jpeg,"0.5162176,0.0,0.28872243,0.009883374,0.0,0.0,0.0,0.0,0.70739776,0.0,0.8129668,0.4545135,0.0,0.0,0.0061409026,0.8932831,1.2623988,0.46458364,0.0,1.4645998,0.0,0.0,0.0,0.0,0.0,0.0,0.0,0.0,0.0,0.0,0.66603893,1.971049,0.27231503,0.0,0.0,0.12425473,0.33219945,0.0,0.0,0.0,0.0,0.0,0.95908636,0.0,1.3503797,0.0,0.49094757,0.1495058,0.93469226,0.8804624,0.38672453,0.0,0.9821067,0.0,0.29746756,0.7780477,0.73870367,0.030307323,0.0,0.0,0.038381755,0.0,0.23686488,0.0",6,1.2224017,1.0730616,10.287116
43,[~66] 패턴 플리츠 원피스_JDWAAA73M(E).jpeg,"0.0,0.0,0.6712352,0.0,0.0,0.0,0.0,0.47333115,0.36032248,0.0,1.1368629,0.0,0.049374886,0.0,0.18678889,0.7439617,1.6411195,0.0,0.0,1.1306262,0.0,0.0,0.0,0.0,0.0,0.0,0.31773648,0.0,0.0,0.0,0.32974005,1.6279933,0.0,0.0,0.0,0.070169866,0.2814492,0.0,0.0,0.0,0.0,0.0,0.9295678,0.0,1.3115783,0.0,0.32137233,0.60004616,0.6279043,1.0683761,0.5193912,0.0,0.64901006,0.0,0.1712962,0.17451575,0.7738831,0.14310676,0.0,0.46017864,0.0,0.0,0.7406012,0.0",0,1.0080584,-2.3170702,-1.8438839
44,[~77size] [2color] 플라워 자수 메쉬 원피스.jpeg,"0.0,0.0,0.47461766,0.042577744,0.0,0.0,0.0,0.2334792,0.48863664,0.0,0.60371566,0.0,0.0,0.0,0.10340008,0.9886509,1.9082677,0.0,0.0,0.92670166,0.0,0.0,0.0,0.0,0.0,0.0,0.0,0.0,0.0,0.0,0.0,1.7071527,0.0,0.0,0.0,0.5029192,0.0,0.0,0.0,0.0,0.0,0.0,0.1966179,0.0,1.0921092,0.0,0.23569721,0.895759,0.12923431,1.5511501,0.8198256,0.30121762,0.9905718,0.0,0.21162188,0.09523237,0.5907444,0.0839542,0.0,0.5454486,0.0,0.0,0.6557034,0.0",5,1.0406206,-7.8850064,0.37360257
45,[~77size] 레이스 블록 드레스.jpeg,"0.5028454,0.0,0.7807279,0.0,0.0,0.0,0.0,0.24372059,0.34724784,0.0,1.0263172,0.2738698,0.07358478,0.0,0.616096,0.62894225,1.2959993,0.0,0.0,1.1101797,0.0,0.0,0.0,0.0,0.0,0.0,0.0,0.0,0.0,0.0,0.60317045,1.6286029,0.29218325,0.0,0.0,0.5795883,0.0,0.0,0.0,0.0,0.0,0.0,0.69282645,0.0,1.5981307,0.0,0.36463457,0.4223298,0.62229806,1.2729137,0.6581587,0.0,1.2355,0.0,0.0,0.0,0.6177477,0.45998198,0.0,0.31528246,0.0,0.0,0.0,0.0",8,0.9205365,3.4308739,4.4051547
46,[~77까지] 세일러카라 라인배색 니트 원피스.jpeg,"0.10529339,0.0,0.7770896,0.089781344,0.0,0.0,0.0,0.5639077,0.0,0.0,1.980148,0.07478547,0.0,0.0,0.17456383,1.0572994,1.2624899,0.0,0.0,1.2491539,0.0,0.0,0.0,0.0,0.0,0.0,0.6501797,0.0,0.0,0.0021884441,0.8188087,0.96445775,0.0,0.0,0.0,0.33378515,0.32869747,0.0,0.0,0.0,0.0,0.0,0.6956962,0.0,1.3047069,0.0,0.9929591,0.6467994,0.98188555,1.128254,0.6290297,0.0,0.68882275,0.0,0.4146447,0.0,1.3348477,0.0,0.0,0.7306446,0.0,0.0,0.8428482,0.0",9,1.433485,2.344071,-5.413682
47,[~77반까지] [퀸이즈] U넥 베이직 반팔 원피스.jpeg,"0.0,0.0,0.26637867,0.20555115,0.0,0.0,0.0,0.38460326,0.22483659,0.0,0.92274904,0.009297401,0.0,0.0,0.084391624,0.9375547,2.022623,0.0,0.0,1.4651127,0.0,0.0,0.0,0.0,0.0,0.0,0.12407079,0.0,0.047282085,0.0,0.18893293,1.4941053,0.0,0.0,0.0,0.5609157,0.1203319,0.0,0.0,0.0,0.0,0.0,0.5307608,0.0,1.2856803,0.0,0.06360027,0.6451803,0.41192073,1.5793421,0.7517577,0.0,1.0242454,0.0,0.0,0.0868378,1.027026,0.0,0.0,0.20098892,0.0,0.0,0.78185093,0.0",5,0.9181023,-6.833089,0.04091216
48,[~88] 투포켓 A라인 데님 원피스.jpeg,"0.00048935413,0.0,0.3605212,0.0,0.0,0.0,0.0,0.23091161,0.4111488,0.0,1.3163304,0.18623927,0.0,0.0,0.91701865,0.6891865,1.8207824,0.0,0.0,1.3521516,0.0,0.0,0.0,0.0,0.0,0.0,0.30138618,0.0,0.08047181,0.4371185,0.0,1.8942279,0.0,0.0,0.0,0.37686384,0.0,0.0,0.0,0.3821277,0.21564546,0.0,0.47246987,0.0,1.1960204,0.0,0.28057998,0.7574609,0.4848466,2.0147462,0.25419417,0.0,1.6312346,0.0,0.0,0.18552914,0.39670658,0.0,0.0,0.0,0.43305033,0.0,0.6244941,0.0",1,1.0978487,-8.139173,5.7339425
49,[긴팔버전]보석단추 브이넥 플레어 원피스.jpeg,"0.16452464,0.0,0.40666494,0.064823925,0.0,0.0,0.0,0.41710836,0.6283293,0.0,1.3971701,0.44376868,0.079562284,0.0,0.73774576,0.7635609,1.6185265,0.0,0.0,1.313689,0.0,0.0,0.0,0.0,0.0,0.0,0.18920882,0.0,0.0,0.0,0.0,1.8418124,0.27483922,0.0,0.0,0.5422065,0.08503956,0.0,0.0,0.0,0.0,0.0,0.862494,0.0,1.7793291,0.0,0.0,0.69391656,0.30017918,1.5884764,0.43506014,0.0,1.2873347,0.0,0.059742153,0.0,0.9669608,0.14603013,0.0,0.0,0.0,0.0,0.17813177,0.0",8,1.0289825,-5.289213,4.7243714
50,[네이비당일출고] 도트 셔링 스트랩 롱 원피스 RM3OP914.jpeg,"0.07444665,0.0,0.3207861,0.05641654,0.0,0.0,0.0,0.09768764,0.39900643,0.0,1.0883715,0.05222091,0.0,0.0,0.14168802,0.50344026,1.3759775,0.0,0.0,1.520595,0.0,0.0,0.0,0.0,0.0,0.0,0.06354664,0.0,0.0,0.0,0.5923147,1.862643,0.061208606,0.0,0.0,0.33434907,0.5066779,0.0,0.0,0.0,0.0,0.0,0.75907284,0.0,1.5764334,0.0,0.53705496,0.673722,0.7275959,1.2051309,0.4847884,0.0,1.3410182,0.0,0.0115439,0.15375264,1.196377,0.4138005,0.0,0.14656273,0.0,0.0,0.0,0.0",8,0.9282805,0.24170673,3.4697762
51,[네이비당일출고] 플라워패턴 스판 랩스타일 롱원피스 RM3OP969.jpeg,"0.5743082,0.0,1.0596474,0.0,0.0,0.0,0.0,0.48610145,0.6966147,0.0,1.1016299,0.0,0.0,0.0,0.0,0.40102097,1.274397,0.51519924,0.0,1.2059999,0.0,0.0,0.0,0.0,0.0,0.0,0.0,0.0,0.0,0.0,1.0881177,1.5638278,0.4046539,0.0,0.0,0.4015844,0.49014384,0.0,0.0,0.16746435,0.004390076,0.0,0.8232151,0.008011073,1.0307237,0.0,0.32511282,0.39808697,0.5481673,0.9818503,0.06910309,0.0,1.5219777,0.0,0.0,0.35802013,1.2707872,0.7034058,0.0,0.11704746,0.5729703,0.0,0.86959076,0.0",7,1.2776084,1.8634982,-0.49942416
52,[단독] 반팔 플리츠 원피스 (허리벨트 포함) (2컬러) ~88까지.jpeg,"0.54271585,0.0,0.85748357,0.0,0.0,0.0,0.0,0.0,0.56983256,0.0,0.8273996,0.0,0.0,0.0,0.0,1.0043037,1.448246,0.39452899,0.0,0.8243001,0.0,0.0,0.0,0.0,0.0,0.0,0.0,0.0,0.0,0.0,0.19385467,1.2306765,0.110943496,0.0,0.0,0.6690572,0.30643475,0.0,0.0,0.12963043,0.0,0.0,0.6309283,0.016962871,1.330092,0.0,0.07000158,0.16310555,0.0,1.0414946,0.15999681,0.0,1.1976101,0.0,0.14880145,0.30365944,0.8207214,0.5032511,0.0,0.62006235,0.029263556,0.0,0.2514878,0.0",6,1.2704811,2.9530764,7.8847585
53,[단독] 패턴 밴딩 플레어 원피스 (2컬러)(~66반까지).jpeg,"0.0,0.0,0.3418844,0.039704382,0.0,0.0,0.0,0.0,0.5524314,0.0,1.113993,0.15788831,0.0,0.0,0.6026559,0.39487383,1.4691482,0.3712308,0.0,1.411295,0.0,0.0,0.0,0.0,0.0,0.0,0.0,0.0,0.0,0.0,0.40034157,1.7008528,0.08892536,0.0,0.0,0.5516039,0.038001433,0.0,0.0,0.0,0.0,0.0,0.62735933,0.0,1.7189599,0.0,0.16243504,0.6960403,0.56408393,1.3445306,0.35044703,0.0,1.7225509,0.0,0.0,0.43091065,0.5542596,0.24384074,0.0,0.24190341,0.0,0.17448607,0.0,0.0",1,0.9443026,-5.9805274,6.2922654
54,[당일출고] Only HJ.마린 체크 벨트 원피스.jpeg,"0.12403023,0.0,1.2793298,0.0,0.0,0.0,0.0,0.24790326,0.4228549,0.0,1.0282356,0.0,0.0,0.0,0.26841342,0.86933434,0.81799746,0.0,0.0,1.2199559,0.0,0.0,0.0,0.0,0.0,0.0,0.0,0.0,0.0,0.0,1.1288903,0.64355475,0.0,0.0,0.0,0.2220546,0.6043024,0.0,0.0,0.0,0.0,0.0,1.0271872,0.19466808,1.3731071,0.0,0.9124344,0.6271439,1.014999,0.6583379,0.7082231,0.0,0.9294792,0.0,0.42129868,0.0,1.1768645,0.12539129,0.0,0.39823392,0.0,0.0,0.33901438,0.0",4,1.2385987,-4.5166,-7.726966
55,[당일출고] Only HJ.카논 주름 플리츠 니트 원피스.jpeg,"0.0,0.0,1.207166,0.0,0.0,0.0,0.0,0.044841334,0.47367916,0.0,0.3711702,0.0,0.0,0.0,0.05759947,0.43113214,1.3995169,0.0,0.0,1.2033248,0.0,0.0,0.0,0.0,0.0,0.0,0.0,0.0,0.0,0.0,0.5279382,1.0460485,0.0,0.0923287,0.0,0.20243788,0.5555971,0.0,0.0,0.0,0.0,0.0,1.2311864,0.42122877,0.8407193,0.0,0.6961737,0.3760065,0.9109419,1.0539262,0.8380285,0.0,0.9748448,0.0,0.0,0.46373,0.51255846,0.35013974,0.0,0.38764048,0.0,0.0,0.25787112,0.0",7,1.3275007,4.9535155,-3.6755688
56,[당일출고] _퀸잇단독_Only HJ.산들 나염 A라인 코튼 원피스.jpeg,"0.0,0.0,1.0578637,0.0,0.0,0.0,0.0,0.29640916,0.24060547,0.0,0.26151508,0.0,0.0,0.0,0.23102134,0.6708469,0.73805225,0.0,0.0,1.4585818,0.0,0.0,0.0,0.0,0.0,0.0,0.0,0.0,0.0,0.0,1.0200061,0.82193726,0.0,0.0,0.0,0.10144162,0.55798507,0.0,0.0,0.0,0.0,0.0,0.91694957,0.0,1.1680518,0.0,0.93103665,0.40270028,0.6686592,0.862812,0.80165505,0.0,1.1167308,0.0,0.0,0.24594757,0.5730783,0.616536,0.0,0.6625082,0.0,0.0,0.10920292,0.0",4,1.0633373,-2.6773522,-8.944985
57,[당일출고] _퀸잇단독_Only HJ.샌드 주름 여신 원피스.jpeg,"0.0,0.0,1.0852511,0.0,0.0,0.0,0.0,0.49206138,0.24748501,0.0,0.20550555,0.0,0.0,0.0,0.1257905,0.8661905,1.1224527,0.0,0.0,1.0295831,0.0,0.0,0.0,0.0,0.0,0.0,0.0,0.0,0.1301734,0.0,0.93026954,0.54364455,0.0,0.0,0.0,0.24779928,0.4241708,0.0,0.0,0.0,0.0,0.0,0.62721556,0.0,1.270628,0.0,0.89293474,0.3734695,0.37458372,0.95394915,1.0500369,0.0,1.1168439,0.0,0.0,0.3431388,0.47330576,0.7155577,0.0,0.8697521,0.0,0.0,0.22275737,0.0",4,1.1043724,-2.0841613,-9.315278
58,[당일출고] 리프 패턴 캉캉 원피스 RL3OP972.jpeg,"0.0,0.0,0.81812716,0.0,0.06500518,0.0,0.0,1.033511,0.67497504,0.0,1.3641052,0.0,0.0,0.0,0.002406925,0.8135047,1.7317202,0.0,0.0,1.3051364,0.0,0.0,0.0,0.0,0.0,0.0,0.40335965,0.0,0.0,0.0,0.26710406,1.6884121,0.0,0.0,0.0,0.11625856,0.0,0.0,0.0,0.034473695,0.0,0.0,0.6133107,0.0,1.1714752,0.0,0.502275,0.5327609,0.22462323,1.2550186,0.4082488,0.0,0.47353253,0.0,0.68502223,0.060622483,1.0133778,0.24484688,0.0,0.5091641,0.0,0.0,0.86065364,0.0",0,0.99300176,4.6393743,-9.038845
59,[당일출고] 박시핏 스몰플라워 패턴 리본 주름 원피스 RM3OP922.jpeg,"0.0,0.0,1.0252515,0.0,0.0,0.0,0.0,0.34755322,0.16389507,0.0,1.0572741,0.0,0.23084377,0.0,0.0,0.6582636,0.7613224,0.0,0.0,1.5246074,0.0,0.0,0.0,0.0,0.0,0.0,0.21454288,0.0,0.0,0.0,1.3338006,1.3176283,0.1788835,0.0,0.0,0.27320844,0.63281053,0.0,0.0,0.0,0.0,0.0,0.962592,0.0,1.3100122,0.0,0.6731129,0.7934819,0.7807505,0.8039241,0.6444896,0.0,1.148955,0.0,0.13852838,0.0,0.97019243,0.59600115,0.0,0.4652909,0.21457708,0.0,0.5156771,0.0",4,1.1050148,-4.21202,-8.262847
60,[당일출고] 블루밍 플라워 코튼 원피스(벨트set).jpeg,"0.0,0.0,1.3251776,0.0,0.0,0.0,0.0,0.80890226,0.0,0.0,1.5601157,0.0,0.0,0.0,0.35524586,1.1499672,1.2407993,0.0,0.0,1.2354683,0.0,0.0,0.0,0.0,0.0,0.0,0.6032276,0.0,0.0,0.0,1.1697323,0.9824674,0.0,0.0,0.0,0.0,0.51523685,0.0,0.0,0.0,0.0,0.0,0.133133,0.0,1.5375662,0.0,0.9483717,0.5829014,0.62463856,0.7155213,0.96178305,0.0,0.5019022,0.0,0.48763028,0.0,0.7843143,0.31417453,0.0,1.1228561,0.0,0.0,0.62440175,0.0",4,1.6269355,2.007999,-6.4981375
61,[당일출고] 스판 저지블랙 포켓 벨트SET 원피스 RL5OP921.jpeg,"0.078003466,0.0,0.5762954,0.0,0.0,0.0,0.0,0.018842854,0.29682666,0.0,0.91441745,0.0,0.0,0.0,0.10699445,1.3472474,1.7802474,0.0027213097,0.0,1.2945228,0.0,0.0,0.0,0.0,0.0,0.0,0.0,0.0,0.0,0.0,0.048588514,1.3792217,0.07833293,0.0,0.0,0.43871284,0.43530157,0.0,0.0,0.0,0.0,0.0,0.47127563,0.0,1.6067879,0.0,0.0,0.7584115,0.38356036,1.2633516,0.46454194,0.0,0.94316673,0.0,0.09620041,0.0,1.0281541,0.25591904,0.0,0.6499667,0.0,0.0,0.40848744,0.0",5,1.0316187,-5.0323443,-1.9539149
62,[당일출고] 안감기모 프릴넥소매 플라워 롱원피스 RM2OP900.jpeg,"0.09913793,0.0,0.6709176,0.0,0.0,0.0,0.0,0.35394368,0.7899242,0.0,0.9676095,0.0,0.022364467,0.0,0.06046977,0.5140857,0.8947847,0.26018184,0.0,1.421476,0.0,0.0,0.0,0.0,0.0,0.0,0.16290435,0.0,0.0,0.0,1.0872622,1.4513502,0.2943061,0.0,0.0,0.22701675,0.64803886,0.0,0.0,0.0,0.0,0.0,1.0317622,0.09389493,1.7553401,0.0,0.25937474,0.507418,0.4696282,0.9867835,0.15326706,0.0,1.1475667,0.0,0.0,0.14558649,0.9379796,0.5126486,0.0,0.0,0.22781155,0.0,0.20011294,0.0",7,1.0881791,2.007727,2.7533977
63,[당일출고] 애니멀 야자수 프린팅 레이어드 원피스 RM3OP967.jpeg,"0.6339164,0.0,0.4204551,0.0,0.0,0.0,0.0,0.21791008,0.48283684,0.0,1.1301093,0.2493585,0.37906832,0.0,0.34449404,0.6798851,1.627543,0.18413007,0.0,1.1343056,0.0,0.0,0.0,0.0,0.0,0.0,0.0,0.0,0.0,0.0,0.57301795,1.5626659,0.0,0.0,0.0,0.38935176,0.20823064,0.0,0.0,0.0,0.12529463,0.0,1.1696465,0.034641504,1.474251,0.0,0.0,0.4577213,0.51669204,0.9682882,0.0,0.0,1.1168358,0.0,0.0,0.008488297,0.7829269,0.2896438,0.0,0.13236414,0.015183389,0.0,0.25323063,0.0",8,0.8681582,0.6332898,5.5832043
64,[당일출고] 울 하프 모노체크 니트 원피스 RL6OP901.jpeg,"0.0,0.0,0.0,0.0,0.41483295,0.0,0.0,0.6095137,0.50598437,0.0,1.815934,0.17014569,0.0,0.0,0.32936364,0.2851484,1.308027,0.5722253,0.0,1.3677199,0.0,0.0,0.0,0.0,0.0,0.0,0.0,0.0,0.0,0.1611661,0.087717,1.7773157,0.25361025,0.0,0.0063744485,0.46854305,0.1686894,0.0,0.0,0.41985303,0.0,0.0,0.75245225,0.0,1.5666754,0.0,0.27873647,1.293806,1.300158,1.7471006,0.0059383214,0.0,1.1880004,0.0,0.53077817,0.20010895,0.9362551,0.54753876,0.0,0.0,0.0,0.0,0.9354515,0.0",3,1.4888324,-8.516479,2.5855742
65,[당일출고] 워싱 데님 빅 포켓 루즈핏 원피스 RM3OP962.jpeg,"0.6173332,0.0,0.9645486,0.0,0.0,0.0,0.0,0.014909498,0.83395076,0.0,0.60579973,0.0,0.0,0.0,0.0,0.51065,1.6271838,0.2123642,0.0,1.2194306,0.0,0.0,0.0,0.0,0.0,0.0,0.0,0.0,0.1370157,0.0,0.4959826,1.5280169,0.12223038,0.0,0.0,0.5426425,0.40740603,0.0,0.0,0.0,0.0,0.0,0.55619186,0.0,1.5514672,0.0,0.24247508,0.38452923,0.11649442,1.2750385,0.18719822,0.0,1.3937294,0.0,0.0,0.3889865,0.6793808,0.5297661,0.0,0.18414643,0.13440794,0.085174546,0.23428841,0.0",7,1.0994626,2.1381922,5.1010637
66,[당일출고] 프린팅 나염 5부소매 쉬폰 원피스 RM3OP963.jpeg,"0.36384588,0.0,0.430678,0.0,0.0,0.0,0.0,0.700171,0.73115623,0.0,1.5479233,0.57214653,0.13235962,0.0,0.45463347,0.7746561,1.9039875,0.0,0.0,1.3674126,0.0,0.0,0.0,0.0,0.0,0.0,0.46690938,0.0,0.0,0.0,0.4407731,1.5821798,0.0,0.0,0.0,0.2737537,0.15928656,0.0,0.0,0.0,0.09504521,0.0,0.97650445,0.0,1.694423,0.0,0.18547311,0.6803286,0.8555891,1.3293989,0.0007998347,0.0,0.63116175,0.0,0.23721197,0.0,0.95399344,0.13737793,0.0,0.26149154,0.0,0.0,0.7719099,0.0",3,1.1724977,-2.7168713,-0.35943943
67,[당일출고] 하와이안 프린팅 롱원피스 RL3OP916.jpeg,"0.0,0.0,1.2852478,0.0,0.0,0.0,0.0,0.7197518,0.1488198,0.0,1.2818241,0.0,0.0,0.0,0.0,0.7509602,1.0281624,0.0,0.0,1.147943,0.0,0.0,0.0,0.0,0.0,0.0,0.38809323,0.0,0.0,0.0,1.1440303,0.8126182,0.0,0.0,0.0,0.040229082,0.76317525,0.0,0.0,0.0,0.0,0.0,0.4883177,0.0,1.0658965,0.0,0.767436,0.5089313,0.9369431,0.7755482,0.7495169,0.0,1.00564,0.0,0.50942045,0.25611222,0.941885,0.30123633,0.0,0.76378167,0.133317,0.0,0.60603154,0.0",4,1.1338526,1.5526253,-6.467662
68,[당일출고] 허리 끈 데님 미디롱 원피스 RM2OP912.jpeg,"0.40207618,0.0,0.9490129,0.0,0.0,0.0,0.0,0.025511801,0.74028426,0.0,0.86383194,0.0,0.0,0.0,0.6408708,0.585955,1.623153,0.034097314,0.0,0.92597985,0.0,0.0,0.0,0.0,0.016691625,0.0,0.0,0.0,0.0,0.0,0.14933525,1.6752763,0.28314054,0.0,0.15940702,0.41798428,0.26225683,0.0,0.0,0.17993724,0.0,0.0,0.5977138,0.0,1.3794501,0.0,0.5355321,0.85457283,0.61473185,1.5752969,0.044456363,0.0,1.7486196,0.0,0.0,0.2148093,1.2199142,0.2770091,0.0,0.2551754,0.1538024,0.0,0.67296773,0.0",5,1.2347767,5.838837,1.0544202
69,[당일출고]심플 점프수트(FREE_L).jpeg,"0.0,0.0,1.4632831,0.0,0.0,0.0,0.0,0.07449119,0.0,0.0,0.7471194,0.0,0.0,0.0,0.3736708,0.6055026,1.5428916,0.0,0.094754115,1.402267,0.0,0.0,0.0,0.0,0.0058080256,0.0,0.0,0.0,0.0,0.1722421,1.4581652,0.8049568,0.41177303,0.0,0.0,1.1457412,0.00023508072,0.0,0.0,0.0,0.0,0.0,0.34341377,0.0,0.8174368,0.0,1.1988016,0.41243857,1.1050752,0.0,0.42186105,0.0,0.018316895,0.2634548,0.0,0.32980943,1.1068398,0.69917333,0.0,0.7491475,0.0,0.0,0.8089554,0.0",4,2.1076396,-4.2417555,-10.646905
70,[당일출고]카라셔츠 레이어드 스트라이프 원피스 RL5OP902.jpeg,"0.40081328,0.0,0.89592683,0.0,0.0,0.0,0.0,0.1368394,0.0,0.0,0.4399987,0.0,0.0,0.0,0.2899197,0.304689,1.4309337,0.25587112,0.0,1.5819488,0.0,0.0,0.0,0.0,0.0,0.0,0.0,0.0,0.09547347,0.0,0.068417996,1.0289023,0.0,0.0,0.0,0.5642055,0.74195,0.0,0.0,0.0,0.0,0.0,0.5211424,0.0,1.3885244,0.0,0.37667966,0.2301046,0.7670106,1.301004,0.91977674,0.0,0.8568568,0.0,0.0,0.41743323,0.980148,0.037838712,0.0,0.20924056,0.0,0.0,0.45913157,0.0",2,1.274555,6.090072,5.9348607
71,[당일출고]프릴 소매 금장 배색 A라인 원피스 RL5OP901.jpeg,"0.0,0.0,0.56857157,0.05855933,0.0,0.0,0.0,0.35007274,0.2135418,0.0,1.3646408,0.11350067,0.0,0.0,0.33686227,0.92916095,1.4326586,0.0,0.0,1.7311789,0.0,0.0,0.0,0.0,0.0,0.0,0.10753271,0.0,0.0,0.0,0.19071797,1.524501,0.106084526,0.0,0.0,0.08382088,0.28632993,0.0,0.0,0.0,0.0,0.0,0.70614505,0.0,1.6582878,0.0,0.09173763,0.6707656,0.5401156,1.3090184,0.19846046,0.0,0.9275044,0.0,0.23117438,0.0,1.3170437,0.13846838,0.0,0.86915773,0.0,0.0,0.5699371,0.0",3,1.1593028,-3.538075,-1.5393033
72,[드넬]C자수트레이닝세트DWZ31114A.jpeg,"0.0,0.0,0.75100136,0.02423507,0.27264225,0.0,0.0,1.1050384,0.19052044,0.0,1.1254001,0.15048131,0.0,0.0,0.14193802,1.1766181,1.488613,0.16207635,0.0,1.9557285,0.0,0.06772755,0.0,0.0,0.0,0.0,0.0,0.0,0.0,0.3998125,0.16029735,0.7163921,0.0,0.0,0.0,0.100214005,0.0,0.0,0.0,0.0,0.0,0.0,0.26870015,0.0,1.4487259,0.0,0.42457062,0.99362284,0.9282261,1.0133338,0.34565005,0.0,0.62276655,0.0,0.7690944,0.02144745,0.80582285,0.16992879,0.0,0.4502942,0.0,0.0,0.95251584,0.0",9,1.4696004,6.425307,-7.2797484
73,[드넬]골드버튼원피스DWO31120A.jpeg,"0.68455267,0.0,0.9743103,0.0,0.0,0.0,0.0,0.63510215,0.5616826,0.0,0.6625316,0.0,0.0,0.0,0.2295101,0.8179876,2.0611274,0.23142326,0.0,0.8946937,0.0,0.0,0.0,0.0,0.0,0.0,0.0,0.0,0.0,0.03319046,0.0,1.3848782,0.1480015,0.0,0.0,0.5866935,0.0,0.0,0.0,0.78037155,0.0,0.0,0.0,0.2572697,1.0925747,0.0,0.30229184,0.8719572,0.092882395,1.553344,0.0,0.0,1.4191015,0.0,0.0,0.0,0.8387549,0.5936758,0.0,0.0,0.20161581,0.040054977,1.2450532,0.0",5,1.8016673,7.242278,-0.5506271
74,[드넬]넬배색반팔원피스DWO31035A.jpeg,"0.0,0.0,1.2485774,0.0,0.0,0.0,0.0,0.80152243,0.6337928,0.0,1.2321823,0.0,0.0,0.0,0.0,0.89474154,1.2924578,0.0,0.0,1.2988602,0.0,0.0,0.0,0.0,0.0,0.0,0.0,0.0,0.0,0.0,0.5203273,1.140072,0.0,0.0,0.0,0.04139173,0.0,0.0,0.0,0.12346682,0.0,0.0,0.9459537,0.2999708,0.87684554,0.0,0.41534716,0.67242426,0.65485233,1.0824052,0.5725544,0.0,0.8266189,0.0,0.45936352,0.0,0.741978,0.3768367,0.0,0.70216495,0.0,0.0,0.78033864,0.0",0,0.8291433,3.2865036,-8.295339
75,[드넬]노버튼카라원피스DWO23022A.jpeg,"0.0,0.0,0.6831195,0.041918486,0.0,0.0,0.0,0.56258583,0.625267,0.0,0.8570667,0.0,0.0,0.0,0.0,0.79923266,1.301215,0.045903325,0.0,1.43189,0.0,0.0,0.0,0.0,0.0,0.0,0.28632343,0.0,0.0,0.0,0.62325585,1.3571669,0.0,0.0,0.0,0.15014118,0.5499747,0.0,0.0,0.11848894,0.0,0.0,0.7133559,0.0062259696,1.4097786,0.0,0.30981496,0.5575509,0.5025358,0.98846674,0.55234116,0.0,1.0627134,0.0,0.29018536,0.21441399,0.8346199,0.5417614,0.0,0.37595043,0.0,0.0,0.73295385,0.0",7,0.96666634,0.226857,-3.2759936
76,[드넬]다이아주름원피스DWO24164A.jpeg,"0.18601686,0.0,0.7237313,0.0,0.0,0.0,0.0,0.29128823,0.32655966,0.0,1.4322852,0.28678477,0.0,0.0,0.6038413,1.0301766,1.4299369,0.0,0.0,1.4193333,0.0,0.0,0.0,0.0,0.0,0.0,0.0,0.0,0.0,0.0,0.62909424,0.05052364,0.0,0.0,0.0,0.0,0.0,0.0,0.0,0.0,0.0,0.37685472,0.60878015,0.0,1.6875832,0.0,0.373279,0.60715026,1.0263493,1.0844069,0.31825197,0.0,0.8136774,0.0,0.0,0.0,1.079695,0.0963577,0.0,0.5066885,0.0,0.0,0.35775784,0.0",9,0.9787133,7.360513,-5.067436
77,[드넬]동백플라워원피스DWO22298A.jpeg,"0.0,0.0,0.95657027,0.0,0.0,0.0,0.0,0.64501536,0.41017598,0.0,1.3421123,0.0,0.0,0.0,0.28221995,1.0296588,1.3477887,0.0,0.0,1.362498,0.0,0.0,0.0,0.0,0.0,0.0,0.3430419,0.0,0.0,0.0,0.61870253,0.9861703,0.0,0.0,0.0,0.0,0.018808633,0.0,0.0,0.0,0.0,0.0,0.48494396,0.0,1.1933427,0.0,0.7103647,0.47884256,0.64193064,1.2744942,0.531749,0.0,0.5935213,0.0,0.50936407,0.13711476,0.88417065,0.1619208,0.0,1.0218211,0.0,0.0,0.57688785,0.0",0,0.84800637,2.6528518,-7.580899
78,[드넬]리본타이원피스DWO31034A.jpeg,"0.1817103,0.0,0.974384,0.0,0.0,0.0,0.0,0.21475998,0.16992414,0.0,1.0637821,0.0,0.0,0.0,0.2300229,0.9144411,1.4911326,0.0,0.0,1.0784163,0.0,0.0,0.0,0.0,0.0,0.0,0.0,0.0,0.0,0.0,0.50676405,0.34031725,0.0,0.0,0.0,0.4737798,0.0,0.0,0.0,0.0,0.0,0.0,0.28657573,0.0,0.8622775,0.0,0.43392658,0.5321494,0.8432842,0.93879837,0.8711945,0.0,0.67469597,0.0,0.13141157,0.0,0.9996906,0.24539983,0.0,0.82792777,0.0,0.0,0.5343152,0.0",2,1.1859784,0.8108796,-8.038933
79,[드넬]릴렉스무드셋업DWZ31239A.jpeg,"0.0,0.0,0.6522574,0.0,0.05258596,0.0,0.0,0.64606225,0.6324301,0.0,1.4532378,0.28728324,0.0,0.0,0.3825537,0.9229587,1.3682888,0.0,0.0,1.0441611,0.0,0.0,0.0,0.0,0.0,0.0,0.0,0.0,0.0,0.2774672,0.0,0.84773445,0.0,0.0,0.0,0.18346229,0.0,0.0,0.0,0.0,0.0,0.0,0.8208444,0.0,1.5405887,0.0,0.5199631,0.70225346,0.8601003,1.3069607,0.092446744,0.0,0.99710023,0.0,0.17161584,0.0,0.8700751,0.0,0.0,0.42236942,0.0,0.0,0.9298798,0.0",3,1.1466391,-1.4130688,-0.55344075
80,[드넬]스퀘어벌룬원피스DWO23156A.jpeg,"0.0,0.0,0.1299893,0.015730739,0.0,0.0,0.0,0.0,0.43390468,0.0,1.5770926,0.2264188,0.063585564,0.0,0.40715683,0.60713124,1.3274554,0.0,0.0,1.3245116,0.0,0.0,0.0,0.0,0.0,0.0,0.0,0.0,0.0,0.0,0.07219869,1.5194198,0.14329624,0.0,0.0,0.4640349,0.21027672,0.0,0.0,0.0,0.0,0.0,0.9692547,0.0,1.7010779,0.0,0.07681781,0.7820537,0.43191335,1.4523542,0.035331875,0.0,1.1725949,0.0,0.0,0.28265467,0.9260961,0.32081813,0.0,0.43750578,0.0,0.0,0.33406806,0.0",8,1.0038327,-4.5852447,3.3344371
81,[드넬]스티치데님원피스DWO31074A.jpeg,"0.3450055,0.0,0.6728226,0.0,0.0,0.0,0.0,0.64410824,0.4634729,0.0,0.65147763,0.0,0.0,0.0,0.09192243,0.91191643,2.1518798,0.22775567,0.0,0.80815697,0.0,0.0,0.0,0.0,0.0,0.0,0.0,0.0,0.0,0.0,0.1287003,1.4254031,0.0,0.0,0.0,0.61626196,0.19750175,0.0,0.0,0.629709,0.0,0.0,0.22209585,0.0018415339,1.1732647,0.0,0.15934226,0.90300834,0.23144472,1.3494835,0.23092076,0.0,1.1474146,0.0,0.0,0.007130742,1.0581012,0.65514517,0.0,0.21307804,0.0,0.0,1.0688578,0.0",5,1.3830746,7.116769,-0.65219676
82,[드넬]슬리핏배색원피스DWO23124A.jpeg,"0.54953396,0.0,0.7700287,0.0,0.0,0.0,0.0,0.32485038,0.37365896,0.0,0.9559303,0.0,0.0,0.0,0.13904542,0.41519308,1.5010144,0.26635915,0.0,1.1350828,0.0,0.0,0.0,0.0,0.0,0.0,0.0,0.0,0.0,0.0,0.47735482,1.140564,0.10201155,0.0,0.0,0.6355125,0.1705364,0.0,0.0,0.0,0.0,0.0,0.77366877,0.0,1.3149322,0.0,0.44265708,0.5037664,0.60761344,1.0620801,0.41241682,0.0,1.2828972,0.0,0.0,0.0,1.255513,0.63811463,0.0,0.055904716,0.0,0.0,0.34694877,0.0",7,0.91527796,2.7530534,1.2062023
83,[드넬]오르셔링원피스DWO24128A.jpeg,"0.11445841,0.0,0.8278482,0.0,0.0,0.0,0.0,0.6636715,0.7173564,0.0,0.8920598,0.0,0.0,0.0,0.0,0.6359042,1.6259754,0.0,0.0,1.0305774,0.0,0.0,0.0,0.0,0.0,0.0,0.17099564,0.0,0.0,0.0,0.7106262,1.6123009,0.0,0.0,0.0,0.24405992,0.29658332,0.0,0.0,0.04909376,0.0,0.0,0.7114452,0.1547062,1.183365,0.0,0.27801666,0.61312944,0.49981594,1.1866539,0.4614203,0.0,1.1400349,0.0,0.0,0.0,0.86959076,0.6274861,0.0,0.31919363,0.0,0.0,0.55184907,0.0",7,0.92189485,0.6092141,-2.4281352
84,[드넬]오마이원피스DWO32020A.jpeg,"0.76900506,0.0,0.7678001,0.0,0.0,0.0,0.0,0.40065715,0.0,0.0,1.562474,0.66997147,0.24726176,0.0,0.5761433,1.204569,1.300343,0.0,0.0,1.515736,0.0,0.0,0.0,0.0,0.0,0.0,0.0,0.0,0.0,0.0,0.7922522,0.5609595,0.13665506,0.0,0.0,0.49355584,0.19717933,0.0,0.0,0.0,0.087650895,0.0,0.7795241,0.0,1.6366799,0.0,0.103562966,0.700211,0.9249717,1.1322279,0.046234667,0.0,1.2128687,0.0,0.0,0.0,1.1335716,0.24828635,0.0,0.25089276,0.0,0.0,0.3763371,0.0",9,1.1472105,7.5275364,-4.357731
85,[드넬]제티아노락반바지세트DWZ31048A.jpeg,"0.0,0.0,1.229171,0.0,0.0,0.0,0.0,0.2674852,0.077314794,0.0,1.2452552,0.306726,0.038867414,0.0,0.36822012,1.1904286,1.2998564,0.0,0.0,1.6747979,0.0,0.0,0.0,0.0,0.0,0.0,0.0,0.0,0.0,0.055734724,0.4824264,0.015730739,0.0,0.0,0.0,0.049949646,0.0,0.0,0.0,0.0,0.0,0.0,0.34887195,0.0,1.6412392,0.0,0.2766671,0.77633095,1.1525574,0.73765737,0.37131095,0.0,0.79127145,0.0,0.22473738,0.0,0.98218143,0.2992313,0.0,0.6783315,0.0,0.0,0.7629931,0.0",9,1.1363629,7.1598334,-5.6009994
86,[드넬]코코금장트위드자켓원피스DWO24051A.jpeg,"0.09257543,0.0,0.4214909,0.12815666,0.0,0.0,0.0,0.457646,0.5952665,0.0,1.6600409,0.13027482,0.0,0.0,0.15552749,0.90451866,1.7315798,0.30194002,0.0,1.1446992,0.0,0.0,0.0,0.0,0.0,0.0,0.025971144,0.0,0.0,0.0,0.52171123,1.2820661,0.00016525388,0.0,0.0,0.6377797,0.19206482,0.0,0.0,0.02818492,0.100679606,0.0,0.70699763,0.0,1.5422736,0.0,0.32418716,0.8451296,0.53661,1.1521258,0.14896761,0.0,1.1974204,0.0,0.18961729,0.0,0.9261074,0.35041222,0.0,0.2482211,0.095306516,0.0,0.61105394,0.0",3,0.81469506,-1.9004301,0.8662914
87,[드넬]트위드투피스DWZ31063A.jpeg,"0.4912217,0.0,0.29506895,0.0,0.0,0.0,0.0,0.20261386,0.5569792,0.0,1.3194262,0.7878563,0.0,0.0,0.41762888,1.0653331,1.4792128,0.0,0.0,1.3887954,0.0,0.0,0.0,0.0,0.0,0.0,0.03426659,0.0,0.0,0.0,0.1389166,0.88181067,0.12916204,0.0,0.0,0.50200015,0.0,0.0,0.0,0.0,0.0,0.0,0.54376,0.0,1.4415832,0.0,0.79753387,0.4686356,0.86101574,1.396485,0.43850693,0.0,0.99593145,0.0,0.26536933,0.0,0.78153366,0.0,0.0,0.4369232,0.0,0.0,0.4946537,0.0",9,1.2619125,-1.0900115,-0.3205519
88,[드넬]포켓카라데님원피스DWO24258A.jpeg,"0.0,0.0,0.16167912,0.04097134,0.0,0.0,0.0,0.8086264,0.40911278,0.0,1.5561099,0.3444572,0.0,0.0,0.8038045,0.88209665,1.8145385,0.0,0.0,1.4195089,0.0,0.0,0.0,0.0,0.0,0.0,0.10749051,0.0,0.0,0.021852091,0.0,1.3496913,0.0,0.0,0.0,0.66791725,0.0,0.0,0.0,0.2889458,0.478531,0.0,0.39959127,0.0,1.2362003,0.0,0.14530665,1.1518552,0.081956446,1.8711035,0.2990799,0.019449696,0.6678058,0.0,0.0,0.0,1.226575,0.0,0.0,0.47111493,0.3652211,0.0,1.1597521,0.0",3,1.5540867,-7.2376246,-1.3762722
89,[드넬]훌프랜드원피스DWO24135A.jpeg,"0.03764248,0.0,0.5509782,0.0,0.0,0.0,0.0,0.2294727,0.7543802,0.0,0.4634298,0.0,0.0,0.0,0.098744676,0.583228,1.3155622,0.20622417,0.0,1.5925901,0.0,0.0,0.0,0.0,0.0,0.0,0.0,0.0,0.0,0.0,0.6409836,1.6984714,0.24067846,0.0,0.0,0.36542177,0.69791955,0.0,0.0,0.14422297,0.0,0.0,0.73974407,0.0,1.3538659,0.0,0.4219427,0.42788273,0.4629718,1.1056058,0.47498003,0.0,1.2890265,0.0,0.0,0.2691182,0.96489525,0.50825006,0.0,0.15297522,0.009204149,0.0,0.0,0.0",7,0.96121776,1.121781,3.6539948
90,[루시다]로네 빅 카라 원피스.jpeg,"0.39839882,0.0,1.0782907,0.0,0.0,0.0,0.0,0.0,0.6078385,0.0,0.7460871,0.0,0.0,0.0,0.0,0.29092258,1.2579849,0.44301432,0.0,1.0739508,0.0,0.0,0.0,0.0,0.0,0.0,0.0,0.0,0.0,0.0,0.7593742,1.2551688,0.06398845,0.0,0.0,0.3552268,0.49016267,0.0,0.0,0.12320754,0.025607169,0.0,0.73920625,0.43080592,1.143255,0.0,0.12998483,0.66679335,0.60682964,1.1514003,0.34000802,0.0,1.2078245,0.0,0.0,0.0,0.9448426,0.60872793,0.0,0.40914607,0.0,0.0,0.7244019,0.0",7,0.86851406,2.7179105,-0.08446671
91,[루시다]미로 핀턱 원피스.jpeg,"0.0,0.0,0.6671518,0.0,0.0,0.0,0.0,0.42060453,0.039274335,0.0,1.8444077,0.0,0.0,0.0,0.3172631,0.6658238,1.0969006,0.0,0.0,1.6138473,0.0,0.0,0.0,0.0,0.0,0.0,0.65001255,0.0,0.0,0.2829324,0.5322319,1.1216941,0.0,0.0,0.0,0.0,0.608402,0.0,0.0,0.21053264,0.0,0.0,0.43715918,0.0,1.0328892,0.0,1.0782346,0.7528305,0.9864032,1.1840527,0.5029689,0.0,1.2651467,0.0,0.44871402,0.08769022,1.1437945,0.54462194,0.0,0.52712595,0.0,0.0,0.4749253,0.0",9,1.4876796,2.567946,-4.6179814
92,[루시다]에이드 셔츠 원피스.jpeg,"0.0436064,0.0,0.41446564,0.07560608,0.0,0.0,0.0,0.43149126,0.53312063,0.0,1.0839623,0.0,0.0,0.0,0.61681986,0.7645687,1.7608972,0.0,0.0,1.0549386,0.0,0.0,0.0,0.0,0.0,0.0,0.33821765,0.0,0.0,0.0,0.23185042,1.6253822,0.0,0.0,0.0,0.32704204,0.3579147,0.0,0.0,0.122792706,0.0,0.0,0.74894994,0.0,1.3407621,0.0,0.55400467,0.5632769,0.5573492,1.6164963,0.6646136,0.0,0.86472106,0.0,0.0,0.0,1.0358152,0.21075602,0.0,0.33752704,0.0,0.0,0.5451789,0.0",5,0.8321484,-5.998235,0.33392105
93,[루시다]에타 아노락 퍼프 원피스.jpeg,"0.014998496,0.0,0.25915295,0.41553697,0.0,0.0,0.0,0.53155077,0.047569335,0.0,1.9076631,0.20800081,0.0,0.0,0.35346007,0.5881603,1.1259099,0.08369434,0.0,1.7735134,0.0,0.116441876,0.0,0.0,0.0,0.0,0.21611288,0.0,0.0,0.27129343,0.4512622,1.1400344,0.36193374,0.0,0.0,0.18556106,0.5308677,0.0,0.0,0.11119476,0.0,0.0,0.47931552,0.0,1.8028078,0.0,0.8203821,0.99932075,0.95817506,1.3037758,0.283266,0.0,1.0459929,0.0,0.46860087,0.0,1.5471787,0.37240127,0.0,0.24178207,0.2506788,0.0,0.6955999,0.0",3,1.3420726,2.5647113,-3.5684392
94,[루시다]지크 린넨 원피스.jpeg,"0.0,0.0,1.2247152,0.0,0.0,0.0,0.0,1.1821169,0.58638036,0.0,0.91557944,0.0,0.0,0.0,0.11399752,0.94184786,1.5988964,0.0,0.0,1.176341,0.0,0.0,0.0,0.0,0.0,0.0,0.0,0.0,0.0,0.0,0.1368765,1.0481212,0.0,0.0,0.0,0.41708282,0.0,0.0,0.0,0.23123874,0.0,0.0,0.16436589,0.016427368,0.9455894,0.0,0.0,0.50723493,0.6394093,1.1110623,0.6238401,0.0,0.72823393,0.0,0.48807913,0.0,0.9815022,0.5739312,0.0,0.6414356,0.0,0.0,0.8462614,0.0",0,1.139193,4.394907,-8.127966
95,[루시다]파운 바스락 원피스.jpeg,"0.0,0.0,1.0425112,0.0,0.0,0.0,0.0,0.3991056,0.2658949,0.0,0.8814884,0.0,0.0,0.0,0.031931728,0.6044239,1.026885,0.0,0.0,1.3690796,0.0,0.0,0.0,0.0,0.0,0.0,0.0,0.0,0.0,0.0,1.4064411,1.3888276,0.0,0.0,0.0,0.14756298,0.32953796,0.0,0.0,0.14455533,0.0,0.0,0.6279181,0.07202716,1.2240885,0.0,1.019445,0.69412327,1.0206299,0.45194653,0.81301224,0.0,1.2071972,0.0,0.048116818,0.0,0.886857,0.9229187,0.0,0.5171988,0.0,0.0,0.46031454,0.0",4,1.0319338,-4.096583,-8.986114
96,[르니앤맥코이] 트렌치 집업 스타일 언발 플레어 원피스 MK04OP400HJJ MK09OP002HJY.jpeg,"0.0,0.0,0.19006324,0.3018178,0.0,0.0,0.0,0.43974996,0.77503306,0.0,1.8286657,0.0,0.1236718,0.0,0.34974554,0.78035855,1.6294864,0.0,0.0,1.3038539,0.0,0.0,0.0,0.0,0.0,0.0,0.0,0.0,0.1362592,0.0,0.18025261,1.3986835,0.0,0.0,0.0,0.4741766,0.052757204,0.0,0.0,0.0,0.13540488,0.0,0.55146056,0.0,1.6282128,0.0,0.46320805,0.9814776,1.1322931,1.2090571,0.0,0.0,1.2878923,0.0,0.37717783,0.0,1.3815644,0.16502517,0.0,0.29173443,0.0,0.0,0.6923611,0.0",3,0.8580469,-2.9962442,1.0032158
97,[르니앤맥코이] 포스트카드 드로잉 5부소매 리본벨트 원피스 LJ08OP103 LK08OP101.jpeg,"0.4002661,0.0,0.99758613,0.0,0.0,0.0,0.0,0.08955542,0.4555377,0.0,0.72863436,0.0,0.0,0.0,0.0,0.4844136,0.91241765,0.0,0.0,1.0682774,0.0,0.0,0.0,0.0,0.0,0.0,0.0,0.0,0.0,0.0,1.0516855,0.76789355,0.17832303,0.0,0.0,0.48109257,0.07255722,0.0,0.0,0.0,0.0,0.0,0.8835343,0.12904486,0.928641,0.0,0.5356127,0.36411497,0.71874076,0.86307025,0.5549004,0.0,0.97383636,0.0,0.0,0.0,0.73983794,0.6656569,0.0,0.5740138,0.09594566,0.0,0.15221614,0.0",4,1.004211,-2.5537899,-7.7401824
98,[미니멈] 니트 카라 버튼 원피스 MWCGKO8010.jpeg,"0.532459,0.0,0.43284976,0.0,0.0,0.0,0.0,0.0,0.7201377,0.0,0.9287609,0.37722343,0.0,0.0,0.16802086,0.65621614,1.4565016,0.5126667,0.0,1.2065904,0.0,0.0,0.0,0.0,0.0,0.0,0.0,0.0,0.0,0.0,0.2793331,2.182121,0.08671287,0.0,0.0,0.40530646,0.26577145,0.0,0.0,0.0,0.0,0.0,0.9341854,0.0,1.1744684,0.0,0.18623073,0.12114507,0.49506688,0.9919759,0.34802887,0.0,1.174603,0.0,0.42460018,0.81876314,0.6387312,0.102430016,0.0,0.0,0.16731456,0.0,0.0,0.0",6,0.77459574,-0.012703018,10.049797
99,[미니멈] 배색 카라 원피스 MWDGWO9140.jpeg,"0.711688,0.0,0.6404189,0.0,0.0,0.0,0.0,0.25070605,0.57393944,0.0,0.7305155,0.0,0.0,0.0,0.355368,0.6160499,1.3988662,0.04298997,0.0,1.202138,0.0,0.0,0.0,0.0,0.0,0.0,0.0,0.0,0.08111529,0.0,0.53356856,1.6033382,0.26485232,0.0,0.0,0.5933304,0.517607,0.0,0.0,0.0,0.0,0.0,0.6369627,0.0,1.6827797,0.0,0.10150325,0.49968874,0.39950955,1.1159782,0.41169727,0.0,1.1921813,0.0,0.0,0.094551355,0.74109524,0.44584852,0.0,0.1582247,0.1019755,0.034861565,0.175039,0.0",8,0.9063775,2.5004802,4.543469
100,[미니멈] 보카시 니트 후드 롱원피스 MVAAKO1040.jpeg,"0.25197437,0.0,0.37938195,0.0,0.0,0.0,0.0,0.36561093,0.6338949,0.0,0.7883719,0.07585475,0.0,0.0,0.1758888,0.7671025,1.6867262,0.08371696,0.0,1.4964361,0.0,0.0,0.0,0.0,0.0,0.0,0.0,0.0,0.16807477,0.0,0.35883862,1.9703221,0.28103593,0.0,0.0,0.43545508,0.19023798,0.0,0.0,0.0,0.0,0.0,0.7328961,0.0,1.4674191,0.0,0.009512082,0.62107444,0.55440617,0.9727293,0.63417923,0.0,1.4251686,0.0,0.32225206,0.32891434,0.5903667,0.2281492,0.0,0.0,0.09391469,0.0,0.09249526,0.0",8,1.0539477,-3.6337733,7.012036
101,[미니멈] 울 플리츠 랩 원피스 MWDGWO0120.jpeg,"0.37993532,0.0,0.5618397,0.0,0.0,0.0,0.0,0.0,0.92307603,0.0,0.9430032,0.31504226,0.0,0.0,0.062016726,0.9799692,1.1998805,0.5021976,0.0,1.061285,0.0,0.0,0.0,0.0,0.0,0.0,0.0,0.0,0.0,0.0,0.31954363,2.000251,0.059773162,0.0,0.0,0.51492244,0.41319743,0.0,0.0,0.0,0.0,0.0,1.0002794,0.0,1.2003264,0.0,0.19987468,0.0,0.17873889,1.0510341,0.1578089,0.0,0.93384093,0.0,0.52148616,0.9387615,1.1489221,0.04785964,0.0,0.0,0.334111,0.0,0.0,0.0",6,0.99318963,0.04377134,10.946142
102,[미니멈] 플레어 심플 원피스 MUDAWO1070.jpeg,"0.3849498,0.0,0.43081698,0.0,0.0,0.0,0.0,0.085903674,0.72930014,0.0,1.0197934,0.5373775,0.0,0.0,0.41312712,0.6645472,1.5506063,0.18672064,0.0,1.0844958,0.0,0.0,0.0,0.0,0.0,0.0,0.14957212,0.0,0.0,0.0,0.42331848,1.7608185,0.30159,0.0,0.0,0.5708605,0.27429742,0.0,0.0,0.0,0.0,0.0,0.90774715,0.0,1.4462357,0.0,0.22053355,0.15186429,0.597989,1.0937313,0.47328246,0.0,0.8610201,0.0,0.23644215,0.1907343,1.1013032,0.21660385,0.0,0.0,0.0,0.0,0.0,0.0",8,0.9017151,-0.20501278,6.9628587
103,[바이김희준] 투투 원피스 OPS2022SS39.jpeg,"0.23526722,0.0,0.70424837,0.0,0.0,0.0,0.0,0.0,0.48610923,0.0,0.8327731,0.0,0.038922623,0.0,0.28058362,0.8988681,1.6300929,0.0,0.0,1.1475484,0.0,0.0,0.0,0.0,0.0,0.0,0.0,0.0,0.0,0.0,0.42384815,1.5233517,0.0,0.0,0.0,0.42101896,0.04599057,0.0,0.0,0.0,0.0,0.0,0.8607781,0.0,0.96202207,0.0,0.27930224,0.6751018,0.4414761,1.1889014,0.5214345,0.0,1.1905601,0.0,0.0,0.22389604,0.880579,0.13992938,0.0,0.31693125,0.0,0.0,0.26912013,0.0",5,0.7830935,-2.4276397,4.7372484
104,[셀럽착용]사선 버튼 원피스 (3 color).jpeg,"0.24720657,0.0,0.7092486,0.0,0.0,0.0,0.0,0.116617665,0.5743119,0.0,1.2331069,0.25104907,0.0,0.0,0.11613512,0.6323754,1.9389833,0.3670417,0.0,1.2169523,0.0,0.0,0.0,0.0,0.0,0.0,0.12467027,0.0,0.0,0.14452657,0.0,2.1891432,0.0,0.0,0.0,0.36910987,0.0,0.0,0.0,0.41045988,0.0,0.0,0.7139227,0.0,1.10423,0.0,0.31388503,0.7189697,0.495893,1.466738,0.21648838,0.0,1.29751,0.0,0.00316751,0.5502792,0.62764436,0.0,0.0,0.01511623,0.16782862,0.0,0.6626096,0.0",1,1.0803677,-5.7252903,7.9453745
105,[시즌오프][신상] 오픈 칼라 셔츠 원피스_SWWOPN22080.jpeg,"0.0,0.0,0.98661506,0.0,0.0,0.0,0.0,0.38325316,0.45892406,0.0,0.33856082,0.0,0.0,0.0,0.0,0.7853587,1.4803009,0.0,0.0,0.94606096,0.0,0.0,0.0,0.0,0.0,0.0,0.0,0.0,0.0,0.0,0.38662112,1.0792049,0.0,0.0,0.0,0.16739798,0.2558218,0.0,0.0,0.0,0.0,0.0,0.59624213,0.1026208,0.8567039,0.0,0.6713362,0.50215006,0.42309216,1.0377301,0.905174,0.0,1.0692277,0.0,0.104764685,0.117811196,0.4120785,0.3522651,0.0,0.6459909,0.0,0.0,0.3335563,0.0",2,0.76533276,-0.72960687,-8.862384
106,[신상] (~77size) 벨티드 오픈카라 셔츠 원피스 (BGOAF7584).jpeg,"0.34442493,0.0,0.6756135,0.0,0.0,0.0,0.0,0.0,0.606442,0.0,0.810222,0.21293667,0.0,0.0,0.20184551,1.0360119,1.3786018,0.25040287,0.0,1.1916363,0.0,0.0,0.0,0.0,0.0,0.0,0.0,0.0,0.0,0.0,0.055671766,1.8006306,0.15030357,0.0,0.0,0.53385663,0.101369604,0.0,0.0,0.0,0.0,0.0,0.9392685,0.0,1.051599,0.0,0.07198854,0.3686924,0.22725701,1.3214219,0.44275925,0.0,1.1922686,0.0,0.32467365,0.81934834,0.8712308,0.0,0.0,0.25476766,0.20995545,0.0,0.0,0.0",6,0.5496448,-1.2278197,9.948004
107,[신상] 오픈카라 버튼 데님 원피스 (SGOKG0593).jpeg,"0.0,0.0,0.488666,0.0,0.0,0.0,0.0,0.0,0.48334134,0.0,0.9344819,0.0,0.0,0.0,0.587227,0.5247357,2.03857,0.14422023,0.0,1.0434207,0.0,0.0,0.0,0.0,0.0,0.0,0.0,0.0,0.0,0.0,0.0,1.9012487,0.0,0.0,0.0,0.6446858,0.0,0.0,0.0,0.12203506,0.0,0.0,0.17947513,0.0,1.2147411,0.0,0.17468292,0.8555256,0.24403292,2.0406513,0.37435138,0.0,1.8105413,0.0,0.0,0.39226454,0.5831135,0.0,0.0,0.060123906,0.5072662,0.22842139,0.41757235,0.0",1,0.9619648,-8.256693,6.3712087
108,[신상] 플리츠 슬리브 드롭웨이스트 원피스 (BGOAF7557).jpeg,"0.50162905,0.0,0.6413149,0.0,0.0,0.0,0.0,0.0,0.38014674,0.0,0.69554085,0.103138804,0.0,0.0,0.41874295,0.7197598,1.7915025,0.34606922,0.0,1.0072356,0.0,0.0,0.0,0.0,0.0,0.0,0.0,0.0,0.0,0.0,0.0,1.7961442,0.0,0.0,0.0,0.6280346,0.0,0.0,0.0,0.0,0.0,0.0,0.5639658,0.0,1.0107248,0.0,0.0,0.39883083,0.20217836,1.3276609,0.6128702,0.0,1.2034166,0.0,0.057089865,0.788941,0.68297607,0.0,0.0,0.0,0.0,0.0,0.0,0.0",6,0.99748343,-2.534039,9.46332
109,[신상](BCBG)A라인 데님 원피스.jpeg,"0.290983,0.0,0.6205029,0.0,0.0,0.0,0.0,0.0,0.7229328,0.0,0.7721913,0.21964729,0.0,0.0,0.6505953,0.5154314,1.5167007,0.33274192,0.0,0.77999103,0.0,0.0,0.0,0.0,0.0,0.0,0.0,0.0,0.0,0.0,0.0,1.6293706,0.23278618,0.0,0.0,0.8983593,0.015754297,0.0,0.0,0.0,0.0,0.0,0.4165721,0.0,1.5496643,0.0,0.044101402,0.5228003,0.049850464,1.63797,0.5698061,0.0,1.6150169,0.0,0.0,0.34440833,0.7604479,0.0,0.0,0.13007155,0.07069448,0.0,0.0,0.0",1,1.0398645,-4.160171,9.564584
110,[아나운서 협찬] 미넬 플레어 원피스(벨트set)(S~L).jpeg,"0.5618832,0.0,0.7634856,0.0,0.0,0.0,0.0,0.0,0.59965515,0.0,0.43587345,0.0,0.030358523,0.0,0.07582909,0.49806565,1.7226532,0.25669092,0.0,1.3291628,0.0,0.0,0.0,0.0,0.0,0.0,0.0,0.0,0.0,0.0,0.56079996,1.1713462,0.0,0.0,0.0,0.38882005,0.18938296,0.0,0.0,0.0,0.0,0.0,0.9779691,0.36749482,0.7717444,0.0,0.63281894,0.24781537,0.623861,1.0774052,0.5707551,0.0,1.1391947,0.0,0.0,0.09585899,0.4041962,0.5453254,0.0,0.009884059,0.0,0.0,0.2729319,0.0",7,1.1547474,-4.4436755,11.8248005
111,[에이렌]  투라인배색 옆트임 스판 카라원피스 RM2OP905.jpeg,"0.06113729,0.0,0.8056676,0.0,0.0,0.0,0.0,0.45821214,0.77248466,0.0,1.1330934,0.0,0.0,0.0,0.0,0.64308685,1.4012686,0.17848545,0.0,1.0788703,0.0,0.0,0.0,0.0,0.0,0.0,0.0,0.0,0.0,0.0,0.753054,1.4699023,0.24148941,0.0,0.0,0.42358088,0.11659524,0.0,0.0,0.15489945,0.0,0.0,0.6990146,0.0,1.2479914,0.0,0.46135587,0.91925323,0.37963697,1.3714484,0.20307904,0.0,1.2313725,0.0,0.0,0.40445125,1.2001898,0.6841792,0.0,0.30554816,0.37816542,0.0,0.6218701,0.0",7,1.1006165,1.1353021,-1.4900795
112,[에이렌] V레이스자수 포인트 샤원피스 RL3OP964.jpeg,"0.5311241,0.0,0.8208817,0.0,0.0,0.0,0.0,0.0,0.55328715,0.0,0.6262816,0.0,0.0,0.0,0.17797008,0.8555796,1.0362751,0.2537848,0.0,0.8657083,0.0,0.0,0.0,0.0,0.0,0.0,0.0,0.0,0.0,0.0,0.05395192,1.1346698,0.0,0.0,0.0,0.2605551,0.32825556,0.0,0.0,0.14858046,0.0,0.0,1.1644685,0.32275492,0.8975449,0.0,0.09253734,0.0,0.01671797,1.188745,0.4674446,0.0,1.0660201,0.0,0.50110817,0.6282839,0.7857207,0.0,0.0,0.22597203,0.15357023,0.0,0.0,0.0",6,1.2031515,0.1456944,12.351028
113,[에이렌] 레이스 펀칭 머메이드 데님원피스 RM3OP904.jpeg,"0.0,0.0,0.9527674,0.0,0.0,0.0,0.0,0.31316835,0.39953715,0.0,0.7423082,0.0,0.0,0.0,0.4462902,0.8253692,1.9129697,0.0,0.0,1.1536584,0.0,0.0,0.0,0.0,0.0,0.0,0.0,0.0,0.0,0.0,0.026004761,1.0622454,0.0,0.0,0.0,0.9092214,0.28039658,0.0,0.0,0.36065346,0.0,0.0,0.14261788,0.0,1.2685012,0.0,0.28937823,0.56245613,0.5494896,1.5008597,0.6439157,0.0,1.1645648,0.0,0.0,0.0,0.6985288,0.5309132,0.0,0.63214266,0.0,0.11339939,0.9466777,0.0",2,1.1997937,6.068444,-1.0784858
114,[에이렌] 레이어드카라 허리벨트 원피스 RM3OP924.jpeg,"0.0,0.0,0.8527999,0.0,0.0,0.0,0.0,0.052969158,0.42710394,0.0,0.6824236,0.0,0.0,0.0,0.08871463,0.7448324,1.2511622,0.0,0.0,1.1798341,0.0,0.0,0.0,0.0,0.0,0.0,0.12694725,0.0,0.0,0.0,0.9846384,0.9616768,0.0,0.0,0.0,0.17206764,0.41942936,0.0,0.0,0.0,0.0,0.0,0.5888075,0.16127208,1.1315856,0.0,1.1543682,0.4591204,0.016166389,1.1485605,0.6760709,0.0,0.7448124,0.0,0.12086059,0.24462335,0.49991208,0.633855,0.0,0.97340417,0.0,0.0,0.35761863,0.0",4,1.0588185,-1.6386912,-9.994665
115,[에이렌] 루즈핏 반오픈 카라 데님원피스 RM2OP910.jpeg,"0.47980523,0.0,0.76423246,0.0,0.0,0.0,0.0,0.36431313,0.46338323,0.0,0.880093,0.0,0.0,0.0,0.6857389,0.53833956,1.8529675,0.07535279,0.0,1.3854998,0.0,0.0,0.0,0.0,0.24521977,0.0,0.0,0.0,0.0,0.0,0.31156018,1.4028809,0.1663577,0.0,0.06401819,0.5062561,0.17814896,0.0,0.0,0.33884284,0.0,0.0,0.48248622,0.0,1.3513068,0.0,0.41153803,0.7031759,0.4587118,1.6895025,0.041630387,0.0,1.744472,0.0,0.0,0.0,1.0366962,0.54837686,0.0,0.46833062,0.15253124,0.0,0.8849933,0.0",5,1.2744647,5.911425,0.88667995
116,[에이렌] 반팔 소매단추 카라 스판 원피스 벨트SET RM3OP976.jpeg,"0.0,0.0,0.3339432,0.03886664,0.0,0.0,0.0,0.2580418,0.49320012,0.0,0.6986651,0.06477165,0.0,0.0,0.43070412,0.7899406,2.0219674,0.0,0.0,1.035424,0.0,0.0,0.0,0.0,0.0,0.0,0.3851065,0.0,0.0,0.0,0.0,1.7044647,0.0,0.0,0.0,0.49120694,0.0,0.0,0.0,0.0,0.0,0.0,0.5134047,0.0,1.2777487,0.0,0.41042668,0.85305846,0.4997008,1.5016809,0.58716226,0.008658677,1.245051,0.0,0.0,0.0,0.8424338,0.3157368,0.0,0.22997624,0.0,0.0,0.5579592,0.0",5,0.69613117,-6.8966913,0.6328578
117,[에이렌] 배색라운드 포켓 스판 루즈원피스 RM2OP906.jpeg,"0.0,0.0,0.0,0.38908964,0.0,0.0,0.0,0.66035986,0.61744136,0.0,1.4901762,0.0,0.0930862,0.0,0.36906478,0.357347,1.8208771,0.23351178,0.0,1.0990256,0.0,0.0,0.0,0.0,0.0,0.0,0.0,0.0,0.0,0.0,0.1212537,1.4920645,0.016936481,0.0,0.0,0.90941894,0.0,0.0,0.0,0.08365217,0.15056592,0.0,0.029275835,0.0,1.242393,0.0,0.6107594,1.2304505,1.1406605,1.3569615,0.0,0.0,1.6006255,0.0,0.0,0.3599296,0.97645223,0.54177386,0.0,0.0,0.31509292,0.0,1.0270426,0.0",3,1.4801989,-3.8251915,0.8480424
118,[에이렌] 베이직 심플 쉬폰셔링 원피스 RM3OP909.jpeg,"0.39641708,0.0,1.1636535,0.0,0.0,0.0,0.0,0.15768738,0.7936975,0.0,0.65021956,0.0,0.0,0.0,0.0,0.5780482,0.93213594,0.04798025,0.0,1.3100486,0.0,0.0,0.0,0.0,0.0,0.0,0.0,0.0,0.0,0.0,1.2117071,0.95446193,0.28655332,0.0,0.0,0.39955992,0.5598179,0.0,0.0,0.081631556,0.0,0.0,0.96879995,0.33947563,0.8706725,0.0,0.44099924,0.47883907,0.48343325,1.0212777,0.31538722,0.0,1.3123331,0.0,0.0,0.15184452,1.0697348,0.5059442,0.0,0.20217523,0.6056526,0.0,0.5170921,0.0",7,1.0579457,2.4737194,-0.93554515
119,[에이렌] 소매 밑단 프릴 백리본 롱 원피스 RM3OP952.jpeg,"0.0,0.0,0.73748636,0.0,0.0,0.0,0.0,0.4015016,0.6423195,0.0,1.0256257,0.0,0.17026566,0.0,0.0,0.54710966,1.2260897,0.0,0.0,1.7125516,0.0,0.0,0.0,0.0,0.0,0.0,0.18135491,0.0,0.0,0.0,0.7219196,1.5170959,0.0,0.0,0.0,0.19472498,0.5040691,0.0,0.0,0.0,0.0,0.0,0.9521222,0.01882115,1.0747482,0.0,0.6091642,0.48896477,0.6974348,1.2314506,0.33196697,0.0,1.0027735,0.0,0.13854295,0.3019489,0.9391708,0.4317029,0.0,0.25634003,0.0,0.0,0.53746367,0.0",7,0.90273744,0.10838307,-3.191085
120,[에이렌] 속 벨트 브이넥 카라 단추 원피스 RM3OP928.jpeg,"0.0,0.0,0.34920526,0.0,0.0,0.0,0.0,0.0,0.887328,0.0,1.2934912,0.44688755,0.0,0.0,0.58917546,0.4053738,1.6685662,0.49190757,0.0,1.2069869,0.0,0.0,0.0,0.0,0.0,0.0,0.2887571,0.0,0.0,0.0,0.0,2.1136842,0.11437875,0.0,0.055489555,0.6418907,0.0,0.0,0.0,0.0,0.0,0.0,0.5486246,0.0,1.5242306,0.0,0.2866221,0.78237987,0.5306838,1.6879414,0.38031158,0.0,1.4406438,0.0,0.0,0.29595014,0.8809159,0.0,0.0,0.0,0.17448136,0.0,0.26232526,0.0",1,0.67188096,-6.91516,6.939997
121,[에이렌] 숄더 프릴 리본타이 쉬폰 원피스(슬립SET) RM2OP929.jpeg,"0.57046914,0.0,0.7924472,0.0,0.0,0.0,0.0,0.44792277,0.7713612,0.0,1.1977004,0.0,0.33494893,0.0,0.15925184,0.61334807,1.4810892,0.12658161,0.0,1.0911567,0.0,0.0,0.0,0.0,0.0,0.0,0.0,0.0,0.0,0.0,0.5480521,1.229885,0.3586286,0.0,0.0,0.48526606,0.43768758,0.0,0.0,0.0,0.0,0.0,0.59183943,0.0,1.4658275,0.0,0.07311247,0.6985745,0.49706835,0.9962917,0.1748159,0.0,1.479568,0.0,0.0,0.21154189,1.0492126,0.4162343,0.0,0.051857725,0.0,0.0,0.30581447,0.0",8,1.0948734,2.3805044,1.7116554
122,[에이렌] 스퀘어넥 플라워 자수 퍼프원피스 RL3OP947.jpeg,"0.123571575,0.0,0.6414008,0.0,0.0,0.0,0.0,0.0,0.4991289,0.0,1.0010781,0.59103143,0.0,0.0,0.12997055,0.8653329,1.380842,0.39853016,0.0,1.0677023,0.0,0.0,0.0,0.0,0.0,0.0,0.0,0.0,0.0,0.0,0.0,1.81052,0.0,0.0,0.0,0.49184644,0.027920716,0.0,0.0,0.0,0.0,0.0,1.0286782,0.0,1.0071964,0.0,0.09859046,0.34617674,0.30182928,1.4911107,0.53548855,0.0,1.186805,0.0,0.3852169,0.72567797,1.0089632,0.0,0.0,0.31585303,0.13757345,0.0,0.0,0.0",6,0.7909501,-1.5545475,10.291723
123,[에이렌] 스트라이프 카라 셔츠 원피스 RL3OP800.jpeg,"0.0,0.0,0.3149796,0.0,0.0,0.0,0.0,0.24961053,0.42748314,0.0,1.1378672,0.0,0.0,0.0,0.31483918,0.8586532,1.7386754,0.0,0.0,1.2280662,0.0,0.0,0.0,0.0,0.0,0.0,0.35779223,0.0,0.0,0.0,0.0,1.6790068,0.0,0.0,0.0,0.35793746,0.0,0.0,0.0,0.4914605,0.1490697,0.0,0.5243245,0.0,0.98090315,0.0,0.45866433,0.6061676,0.33931297,1.5779195,0.46398747,0.019436285,0.9992167,0.0,0.19802739,0.11516124,0.7198549,0.1844976,0.0,0.2081697,0.0,0.0,0.746481,0.0",5,0.8380848,-6.6323147,1.0972404
124,[에이렌] 스트라이프 포켓 소매롤업 후드원피스 RM3OP900.jpeg,"0.0,0.0,0.843085,0.0,0.0,0.0,0.0,0.5815471,0.58098924,0.0,1.2111747,0.0,0.0,0.0,0.29280424,1.1181865,1.4181255,0.0,0.0,1.3286946,0.0,0.0,0.0,0.0,0.0,0.0,0.0,0.0,0.0,0.0,0.54388934,1.1494217,0.0,0.0,0.0,0.112027764,0.14225757,0.0,0.0,0.02241467,0.0,0.012241155,0.8775833,0.14117184,1.1480466,0.0,0.14365146,0.5623826,0.4745392,0.9855765,0.41399747,0.0,1.0270875,0.0,0.17441836,0.0,0.896718,0.3889102,0.0,0.52390534,0.0,0.0,0.31889975,0.0",0,0.87023896,-1.2616717,-3.260512
125,[에이렌] 스트라이프 허리스트링 나그랑 롱원피스 RM3OP973.jpeg,"0.0,0.0,0.50316966,0.0,0.0,0.0,0.0,0.38399634,0.7200402,0.0,1.3687668,0.0,0.054724887,0.0,0.35991925,0.7224772,1.3660102,0.0,0.0,1.1083846,0.0,0.0,0.0,0.0,0.0,0.0,0.048691094,0.0,0.0,0.0,0.42253906,1.34003,0.0,0.0,0.0,0.22866803,0.21666442,0.0,0.0,0.053521052,0.0,0.0,1.3428109,0.0,1.0804864,0.0,0.14899035,0.42990068,0.6167053,1.057878,0.5352218,0.0,0.9458107,0.0,0.13655666,0.03974104,0.8301338,0.12183556,0.0,0.59448427,0.0,0.0,0.22422102,0.0",8,1.0885742,-1.7671653,-2.5928605
126,[에이렌] 스티치 브이넥 트임 카라 허리밴딩 원피스(벨트SET) RM3OP977.jpeg,"0.183721,0.0,0.55920494,0.0,0.0,0.0,0.0,0.06461287,0.81959087,0.0,1.168729,0.3802883,0.0,0.0,0.6309762,0.29062462,1.5974151,0.62829953,0.0,0.8576556,0.0,0.0,0.0,0.0,0.07572327,0.0,0.096232116,0.0,0.0,0.07243419,0.0,1.9927392,0.1104753,0.0,0.17892103,0.73058796,0.20387794,0.0,0.0,0.07141338,0.0,0.0,0.5082005,0.0,1.1990324,0.0,0.5402234,0.67459154,0.45327955,1.7228732,0.10287315,0.0,1.7426947,0.0,0.0,0.24073523,0.95965314,0.13982125,0.0,0.0,0.30201223,0.12008618,0.40863958,0.0",1,0.8293952,-7.338717,7.198621
127,[에이렌] 어깨핀턱 라탄벨트 스냅단추 원피스 RM2OP921.jpeg,"0.0,0.0,1.0838437,0.0,0.0,0.0,0.0,0.6991715,0.5459257,0.0,0.80830765,0.0,0.0,0.0,0.11995989,1.0953846,1.3927625,0.0,0.0,1.1375704,0.0,0.0,0.0,0.0,0.0,0.0,0.18223943,0.0,0.0,0.0,0.29028186,1.2728595,0.0,0.0,0.0,0.0,0.23565233,0.0,0.0,0.0,0.0,0.0,0.73022765,0.0,0.6989149,0.0,0.5723424,0.5650994,0.15833381,1.2320994,0.48124883,0.005166605,0.7942922,0.0,0.41042292,0.48683724,0.8639184,0.3419357,0.0,0.8926185,0.0,0.0,0.49066275,0.0",0,0.9325012,2.3218136,-9.274442
128,[에이렌] 엠보싱 체크 캉캉원피스 RL5OP925.jpeg,"0.0,0.0,0.8688166,0.0,0.0,0.0,0.0,0.56648105,0.5368056,0.0,1.192925,0.0,0.0,0.0,0.6966454,0.9387152,1.55852,0.0,0.0,0.9540816,0.0,0.0,0.0,0.0,0.0,0.0,0.08863765,0.0,0.0,0.0,0.31842497,1.4566425,0.0,0.0,0.0,0.08254784,0.0,0.0,0.0,0.14603281,0.0,0.23060313,0.48702013,0.0,1.0097013,0.0,0.8345446,0.66933817,0.21158919,1.098872,0.8587427,0.12040466,0.8556052,0.0,0.08550018,0.0,0.90312976,0.71807086,0.0,1.0204797,0.0,0.0,0.23787022,0.0",0,1.1445044,3.1402323,-10.567589
129,[에이렌] 여름 니트 다각패턴 플레어 원피스 RM3OP970.jpeg,"0.16866751,0.0,1.0700212,0.0,0.0,0.0,0.0,0.23548467,0.34110224,0.0,0.71307164,0.0,0.0,0.0,0.24640983,0.74326605,1.2381257,0.0,0.0,1.024028,0.0,0.0,0.0,0.0,0.0,0.0,0.0,0.0,0.0,0.0,0.508085,1.3096602,0.06061566,0.0,0.0,0.17373347,0.23094629,0.0,0.0,0.14646623,0.0,0.0,0.9941369,0.18681213,1.008614,0.0,0.51373744,0.40409347,0.17771372,1.172812,0.805968,0.0,1.2160167,0.0,0.035179675,0.08597389,0.7439845,0.581169,0.0,0.32523912,0.0,0.0,0.055074096,0.0",7,0.9828564,-1.7913688,-6.3204813
130,[에이렌] 오피스 스트라이프 시스루 원피스 RM2OP930.jpeg,"0.0,0.0,0.8410324,0.0,0.0,0.0,0.0,0.3770815,0.3454442,0.0,1.2361668,0.0,0.0,0.0,0.19745496,0.9334657,1.7732928,0.0,0.0,0.90455544,0.0,0.0,0.0,0.0,0.07710713,0.0,0.0,0.0,0.0,0.0,0.8183605,0.8217125,0.015386939,0.0,0.0,0.7610348,0.10991746,0.0,0.0,0.3391907,0.0,0.07897112,0.3333385,0.0,1.0704585,0.0,0.18701875,0.9765785,0.7224247,0.8682478,0.7799667,0.0,1.2209241,0.0,0.0,0.0,1.0735261,0.802891,0.0,0.6991048,0.0,0.0,0.38791978,0.0",4,1.3909425,0.13847333,-6.5390687
131,[에이렌] 은은 펄 페이즐리 레이어드 원피스 RM3OP905.jpeg,"0.20315811,0.0,1.0377362,0.0,0.23099266,0.0,0.0,1.1370952,0.57553566,0.0,1.1806271,0.0,0.03315878,0.0,0.0,0.72784966,1.3521459,0.12676805,0.0,1.1284747,0.0,0.0,0.0,0.0,0.0,0.0,0.0,0.0,0.0,0.0,0.48216575,1.4391074,0.07307199,0.0,0.0,0.47507155,0.20087624,0.0,0.0,0.20976122,0.0,0.0,0.13989282,0.24714115,1.160092,0.0,0.0,1.0044696,0.5557833,0.98006773,0.091799825,0.0,1.130003,0.0,0.46394426,0.0,1.4693396,0.8478322,0.0,0.2618634,0.28588295,0.0,1.1583598,0.0",0,1.5442072,4.722767,-5.7430754
132,[에이렌] 체크 티어드 맨투맨 레이어 원피스 RM2OP908.jpeg,"0.0,0.0,0.70928097,0.0,0.0,0.0,0.0,0.19776052,0.44933113,0.0,0.85815376,0.0,0.0,0.0,0.4699092,0.90216696,0.99259496,0.0,0.0,1.1112473,0.0,0.0,0.0,0.0,0.0,0.0,0.10575026,0.0,0.0,0.0,0.3248758,1.587852,0.0,0.0,0.0,0.10702348,0.5968517,0.0,0.0,0.0,0.0,0.0,0.91872716,0.0,1.6084957,0.0,0.25165153,0.69731563,0.57043684,1.1503865,0.783165,0.0,1.3014146,0.0,0.0,0.23567155,0.9512006,0.018701695,0.0,0.44856915,0.0,0.0,0.03752154,0.0",8,1.1023084,-1.9325786,3.1953886
133,[에이렌] 컬러풀 깃털 패턴 쉬폰 원피스 RM2OP919.jpeg,"0.0,0.0,0.7105442,0.0,0.0,0.0,0.0,0.27956253,0.31256044,0.0,1.389945,0.0,0.020090237,0.0,0.29264936,0.7894666,1.2637097,0.0,0.0,1.4028556,0.0,0.0,0.0,0.0,0.0,0.0,0.4072863,0.0,0.0,0.0,0.29907453,1.3082542,0.0,0.0,0.0,0.042071402,0.20636594,0.0,0.0,0.0,0.0,0.0,0.9440346,0.0,1.3032148,0.0,0.41878933,0.5112941,0.38701355,1.3170061,0.39747205,0.0,0.7453422,0.0,0.110663995,0.24802113,0.771596,0.10597314,0.0,0.65267634,0.0,0.0,0.47707078,0.0",0,1.0870918,-2.5170505,-2.0843441
134,[에이렌] 페이즐 프릴 허리스트랩 쉬폰 원피스 RM2OP927.jpeg,"0.68845254,0.0,0.36001703,0.0,0.0,0.0,0.0,0.3406471,0.4749601,0.0,1.2715663,0.1326975,0.02896899,0.0,0.16940358,0.5310611,1.5094874,0.5092141,0.0,1.318452,0.0,0.0,0.0,0.0,0.0,0.0,0.19453105,0.0,0.15555239,0.0,0.727298,1.4804562,0.24595207,0.0,0.0,0.4770354,0.7064905,0.0,0.0,0.026808787,0.13187708,0.0,1.0047251,0.0,1.9109333,0.0,0.0,0.46224773,0.45048004,1.0220149,0.055098176,0.0,1.3740087,0.0,0.0,0.0,1.0168438,0.35026878,0.0,0.0,0.19050676,0.0,0.1316151,0.0",8,1.1304934,2.410137,3.2446625
135,[에이렌] 프릴 플라워 콩단추 원피스 RM3OP910.jpeg,"0.0,0.0,0.95564747,0.0,0.20412749,0.0,0.0,0.90008056,0.4717846,0.0,1.0540121,0.0,0.0,0.0,0.21599391,0.8994086,1.6918132,0.0,0.0,1.1243856,0.0,0.016699113,0.0,0.0,0.0,0.0,0.08702323,0.0,0.0,0.0,0.42580897,1.8705846,0.0,0.0,0.0,0.0,0.1545349,0.0,0.0,0.35193825,0.0,0.0,0.10386199,0.0,1.176822,0.0,0.6977662,0.95782006,0.22164434,1.0498238,0.78200656,0.20662783,0.6298487,0.0,0.5083128,0.010440826,1.065777,0.6040937,0.0,0.95826584,0.0,0.0,0.70559525,0.0",0,1.0681974,3.9481347,-9.937919
136,[에이렌] 프릴날개 꽃나염 원피스 RM2OP907.jpeg,"0.59577334,0.0,1.0446198,0.0,0.0,0.0,0.0,0.0,0.390149,0.0,1.0100377,0.0,0.0,0.0,0.041730434,0.5924088,1.0282092,0.21213561,0.0,1.4508504,0.0,0.0,0.0,0.0,0.0,0.0,0.0,0.0,0.0,0.0,0.7224362,1.373189,0.1893503,0.0,0.0,0.35802943,0.7265149,0.0,0.0,0.072275326,0.0,0.0,1.0546894,0.07022993,1.2593284,0.0,0.16616246,0.36074704,0.10661596,1.0353721,0.32746768,0.0,1.4823115,0.0,0.0,0.3699273,1.0921779,0.1841338,0.0,0.2889477,0.24411225,0.0,0.18262742,0.0",7,0.9843234,2.983391,6.142943
137,[에이렌]금장 스티치 쉬폰 원피스RL5OP903.jpeg,"0.5365071,0.0,0.798056,0.0,0.0,0.0,0.0,0.0,0.6602532,0.0,0.7662567,0.3230397,0.0,0.0,0.042730764,0.9748689,0.9228196,0.48056546,0.0,1.1905769,0.0,0.0,0.0,0.0,0.0,0.0,0.0,0.0,0.0,0.0,0.3202368,1.5613453,0.0,0.0,0.0,0.51438797,0.3273137,0.0,0.0,0.0,0.0,0.0,1.3334328,0.14996248,0.95587087,0.0,0.27002913,0.0,0.31000543,1.0112437,0.34488833,0.0,1.3287681,0.0,0.29445046,0.69401145,1.1747702,0.0,0.0,0.1286026,0.35040903,0.0,0.0,0.0",6,0.9148575,0.4915723,11.701948
138,[에이렌]사선나염 니트 배색 리본원피스 RL5OP929.jpeg,"0.0,0.0,0.41021314,0.0,0.0,0.0,0.0,0.5801207,0.18314803,0.0,1.5306655,0.12408748,0.040901743,0.0,0.5256156,0.6643382,1.4888611,0.0,0.0,1.3498514,0.0,0.0,0.0,0.0,0.0,0.0,0.0,0.0,0.0,0.0,0.67978203,1.120731,0.14626902,0.0,0.0,0.53831273,0.42769903,0.0,0.0,0.14117411,0.0,0.0,0.3027971,0.0,1.4209033,0.0,0.6650874,0.5578556,0.660651,1.1890365,0.31697246,0.0,1.1315451,0.0,0.0,0.0,1.3955419,0.7114985,0.0,0.58810985,0.0,0.011189967,0.38246432,0.0",3,1.1555507,3.409011,-3.925206
139,[에이렌]진주버튼 라인 샤원피스 RL5OP905.jpeg,"0.87089646,0.0,0.80028355,0.0,0.0,0.0,0.0,0.0,0.6834056,0.0,0.8309562,0.7101288,0.0,0.0,0.14614597,0.40286958,0.6760793,0.43778694,0.0,1.2059015,0.0,0.0,0.0,0.0,0.0,0.0,0.0,0.0,0.0,0.0,0.31122842,1.5717045,0.0,0.0,0.0,0.44754162,0.9093729,0.0,0.0,0.32214814,0.0,0.0,1.1039958,0.019953713,0.9226569,0.0,0.40897763,0.0,0.44367266,1.0537982,0.29300174,0.0,1.1114606,0.0,0.28708476,0.66168416,1.2155782,0.0,0.0,0.16077104,0.16800457,0.0,0.0,0.0",6,1.3876728,1.6666726,12.255914
140,[에이렌]체크 카라셔츠 벨트 원피스 RL5OP908.jpeg,"0.47698873,0.0,0.7633835,0.0,0.0,0.0,0.0,0.0,0.5442381,0.0,0.53348637,0.0,0.0,0.0,0.14586334,0.67517596,1.3580073,0.1668365,0.0,1.3301854,0.0,0.0,0.0,0.0,0.0,0.0,0.0,0.0,0.0,0.0,0.46182597,1.6065811,0.0,0.0,0.0,0.7000176,0.28908157,0.0,0.0,0.0,0.0,0.0,0.99362195,0.036395907,1.0091383,0.0,0.28551704,0.34560144,0.59055245,1.2647823,0.5561696,0.0,1.6041453,0.0,0.0,0.4013736,0.7922987,0.051461168,0.0,0.37321496,0.20022744,0.0,0.01631993,0.0",6,0.8774082,0.937332,7.9857903
141,[인기상품] 사선스트라이프 허리벨트 니트원피스(진주목걸이SET)RL5OP917.jpeg,"0.0,0.0,0.17921048,0.21874481,0.0,0.0,0.0,0.06252384,0.6472755,0.0,1.274871,0.0,0.0,0.0,0.6023624,0.6162995,1.7421429,0.0,0.0,1.2500291,0.0,0.0,0.0,0.0,0.0,0.0,0.21619324,0.0,0.0,0.0,0.0,1.6703999,0.0,0.0,0.0,0.23661733,0.1841464,0.0,0.0,0.0,0.0,0.0,0.6770177,0.0,1.3766265,0.0,0.2409895,0.9864261,0.43994313,1.6179892,0.3819065,0.0,1.1416872,0.0,0.28496882,0.35572296,1.0978355,0.099723905,0.0,0.271755,0.0,0.0,0.54545933,0.0",5,0.8894254,-5.950942,2.3522842
142,[진청당일출고] 뒷 단추 핀턱 주름 데님 원피스 RM3OP966.jpeg,"0.18224883,0.0,0.31450838,0.0,0.07199541,0.0,0.0,0.09975883,0.3550278,0.0,1.2411883,0.4896756,0.0,0.0,0.62435156,0.58005536,1.1967474,0.27768368,0.0,1.3592379,0.0,0.0,0.0,0.0,0.069186136,0.0,0.0,0.0,0.0,0.0,0.18606916,1.6787915,0.23028594,0.0,0.0,0.4104721,0.076695785,0.0,0.0,0.21869294,0.018998384,0.0,0.6211306,0.0,1.3348393,0.0,0.43435776,0.52406406,0.44476914,1.7389734,0.3319406,0.0,1.4234805,0.0,0.0,0.20954858,0.5883928,0.00039437413,0.0,0.15953505,0.16216546,0.0,0.46126747,0.0",1,0.8503309,-6.590423,5.719963
143,[퀸이즈s] 랩캉캉무지원피스.jpeg,"0.24752212,0.0,0.123168945,0.07477522,0.0,0.0,0.0,0.027727693,0.16267097,0.0,0.40627515,0.0,0.0,0.0,0.44055635,0.30794764,1.5822601,0.0,0.0,1.2205708,0.0,0.0,0.0,0.0,0.0,0.0,0.027018562,0.0,0.0,0.0,0.047208488,0.9531747,0.11830115,0.0,0.0,0.60983074,0.4428882,0.0,0.0,0.0,0.0,0.0,0.304169,0.0,1.2833805,0.0,0.718522,0.7786176,0.79116267,1.4255118,1.1946325,0.21253723,1.072595,0.0,0.0,0.15496685,0.9930794,0.36058396,0.0,0.15817384,0.0,0.0,0.0,0.0",2,1.4514562,6.6112046,5.1410365
144,[퀸이즈S] 리프 티어드 롱 원피스.jpeg,"0.5067204,0.0,0.5960951,0.0,0.0,0.0,0.0,0.43008438,0.29265344,0.0,0.97426915,0.0,0.0,0.0,0.6834803,0.32387504,1.2250402,0.0,0.0,1.2694343,0.0,0.0,0.0,0.0,0.0,0.0,0.122216284,0.0,0.09826246,0.0,0.4403408,1.3935268,0.103492826,0.0,0.0,0.56163967,0.42188632,0.0,0.0,0.0,0.0,0.0,0.7630665,0.0,1.7989633,0.0,0.5713437,0.44154564,0.8042221,1.1363566,0.7692158,0.0,1.1075292,0.0,0.0,0.0,0.71688783,0.14152971,0.0,0.0,0.0,0.0,0.27468285,0.0",8,1.0353473,4.5008287,4.452918
145,[퀸이즈s] 에스닉 루즈핏 원피스.jpeg,"0.12843144,0.0,0.53093314,0.0,0.0,0.0,0.0,0.67538404,0.48130065,0.0,1.3011096,0.38562566,0.11146146,0.0,0.34155312,0.6947216,1.5649652,0.0,0.0,1.2474618,0.0,0.0,0.0,0.0,0.0,0.0,0.2958236,0.0,0.0,0.0,0.32642314,1.4189365,0.0,0.0,0.0,0.2551133,0.43948632,0.0,0.0,0.0,0.0,0.0,1.033097,0.0,1.716592,0.0,0.2362461,0.5982138,0.38057834,1.3340855,0.4871275,0.013223037,0.7832111,0.0,0.19576442,0.0,1.0045516,0.0891089,0.0,0.41082898,0.0,0.0,0.606349,0.0",8,1.0188688,-2.7139027,-0.9620617
146,[퀸이즈s] 쟌느 쭈글이카라 원피스.jpeg,"0.12111503,0.0,0.78892785,0.0,0.0,0.0,0.0,0.44466364,0.18038309,0.0,0.8059719,0.0,0.0,0.0,0.33235064,0.62191117,1.6619577,0.0,0.0,1.092171,0.0,0.0,0.0,0.0,0.0,0.0,0.13444242,0.0,0.0,0.0,0.32061902,1.36536,0.16639829,0.0,0.0,0.52703327,0.7577381,0.0,0.0,0.0,0.0,0.0,0.44962442,0.0,1.363714,0.0,0.2957395,0.61918384,0.51305825,1.2155371,1.1651372,0.0,0.8995095,0.0,0.08935091,0.0,0.8592521,0.10979073,0.0,0.34164745,0.0,0.0,0.39293474,0.0",2,0.91890186,-3.1551635,-4.363714
147,[퀸이즈s] 큰호피스트링원피스.jpeg,"0.0,0.0,0.10144696,0.44618607,0.0,0.0,0.0,0.0,0.27917832,0.0,1.4076355,0.41712925,0.0,0.0,0.6669841,0.9612068,1.7535458,0.0,0.0,1.1231781,0.0,0.0,0.0,0.0,0.0,0.0,0.0,0.0,0.0,0.0,0.084771276,1.3228449,0.16730925,0.0,0.0,0.75267315,0.0,0.0,0.0,0.0,0.0,0.0,0.6951488,0.0,1.4304681,0.0,0.5032846,1.0676863,0.8563255,1.3540142,0.27941096,0.0,1.5877256,0.0,0.3211869,0.1706574,1.1989809,0.0,0.0,0.5939431,0.0,0.0,0.41725078,0.0",3,1.2303535,-4.0164704,1.8775978
148,[퀸이즈S] 플로럴 티어드 롱 원피스.jpeg,"0.3624499,0.0,0.44856158,0.0,0.0,0.0,0.0,0.4903904,0.33949417,0.0,0.964147,0.0,0.0,0.0,0.7024803,0.24235187,1.3702072,0.0,0.0,1.3389585,0.0,0.0,0.0,0.0,0.0,0.0,0.0,0.0,0.3284167,0.0,0.3793357,1.6029999,0.27401814,0.0,0.0,0.5506724,0.50247663,0.0,0.0,0.0,0.0,0.0,0.61499846,0.0,1.7709911,0.0,0.506236,0.4701532,0.7942292,1.1289816,1.0194519,0.0,1.1756889,0.0,0.0,0.20911743,0.6480415,0.32460257,0.0,0.0,0.0,0.058977284,0.0,0.0",8,1.1853004,4.619333,4.5278945
149,[퀸이즈] 55-77 블리 레이어드 배색 브이넥 프릴 원피스.jpeg,"0.15551081,0.0,0.0,0.32671767,0.0,0.0,0.0,0.1315615,0.46117383,0.0,1.5320542,0.39653823,0.38621914,0.0,0.86346364,0.5422875,1.6766865,0.0,0.0,1.2568337,0.0,0.0,0.0,0.0365223,0.0,0.0,0.0063255355,0.0,0.0,0.0,0.0,1.4781823,0.07700199,0.0,0.24233066,0.5463557,0.292741,0.0,0.0,0.0,0.059649378,0.0,1.2150539,0.0,1.9116836,0.0,0.0,0.6248265,0.59908783,1.3266542,0.0,0.0,1.0759561,0.0,0.0,0.21969646,0.9412779,0.14276022,0.0,0.15945442,0.0,0.0,0.42696428,0.0",8,1.263485,-4.382982,3.597884
150,[퀸이즈] 다나 배색 포인트 플리츠 롱 원피스.jpeg,"0.1554631,0.0,0.42812422,0.21769759,0.0,0.0,0.0,0.9044616,0.47634017,0.0,1.3629818,0.1305024,0.0,0.0,0.55597043,0.7327881,2.1050649,0.0,0.0,1.3875092,0.0,0.0,0.0,0.0,0.0,0.0,0.18828818,0.0,0.15787475,0.0,0.11690718,1.4678979,0.0,0.0,0.0,0.625679,0.34999725,0.0,0.0,0.0,0.0,0.0,0.5701537,0.0,1.885862,0.0,0.0,0.9910846,0.4380624,1.38532,0.46706814,0.0,1.131318,0.0,0.15388191,0.0,1.0602431,0.0,0.0,0.0,0.0,0.0,1.213587,0.0",3,1.2330276,-4.7989197,-0.30186084
151,[퀸이즈] 배색 도트 원피스.jpeg,"0.0,0.0,0.617452,0.0387235,0.0,0.0,0.0,0.0,0.7026935,0.0,1.1613144,0.021777898,0.0,0.0,0.30811325,0.86768794,1.4974043,0.0,0.0,1.1971194,0.0,0.0,0.0,0.0,0.0,0.0,0.089735195,0.0,0.0,0.0,0.29260895,1.5564821,0.273247,0.0,0.0,0.22811198,0.27705738,0.0,0.0,0.0,0.0,0.0,1.0221729,0.0,0.9839475,0.0,0.71303165,0.7797057,0.550271,1.414638,0.6576336,0.0,1.1399958,0.0,0.29909506,0.67847276,1.1715031,0.059743963,0.0,0.41801947,0.0,0.0,0.3166921,0.0",5,1.1424569,-6.3760285,3.384837
152,[퀸이즈] 베이직 헨리넥 셔츠 롱 원피스.jpeg,"0.019144416,0.0,0.34254816,0.01147449,0.0,0.0,0.0,0.15406902,0.5088318,0.0,0.87427014,0.0,0.0,0.0,0.26189405,0.75443393,1.7502367,0.08246601,0.0,1.3168235,0.0,0.0,0.0,0.0,0.0,0.0,0.05596277,0.0,0.0,0.0,0.016380727,1.8131558,0.0,0.0,0.0,0.47903246,0.4265926,0.0,0.0,0.0,0.0,0.0,0.6243286,0.0,1.1786906,0.0,0.15846221,0.6652125,0.6867832,1.1176574,0.72283,0.0,1.2702532,0.0,0.10411531,0.40878707,1.0152991,0.0,0.0,0.16195622,0.0,0.0,0.07779825,0.0",5,0.93298995,-3.201345,5.9251213
153,[퀸이즈] 언밸런스 데님 레이어드 반집업 원피스.jpeg,"0.0,0.0,0.5448431,0.0,0.0,0.0,0.0,0.06024967,0.2232759,0.0,1.493407,0.0,0.0,0.0,0.24892956,0.66062593,1.5270411,0.0,0.0,1.3634415,0.0,0.0,0.0,0.0,0.0,0.0,0.159621,0.0,0.0,0.0,0.23335934,1.6549699,0.0,0.0,0.0,0.24890256,0.09575069,0.0,0.0,0.0,0.0,0.0,0.51560915,0.0,1.3163915,0.0,0.32593775,0.92955935,0.35048246,1.470847,0.4628002,0.0,1.0098337,0.0,0.20952314,0.37577415,0.7822051,0.17377305,0.0,0.5994036,0.0,0.0,0.47010112,0.0",5,0.92083573,-5.6334605,1.8277882
154,[퀸이즈] 파라 플리츠 반팔 랩 원피스.jpeg,"0.0,0.0,0.9671606,0.0,0.0,0.0,0.0,0.9829706,0.6893195,0.0,1.1768147,0.0,0.0,0.0,0.06637764,0.8163365,1.3674972,0.0,0.0,1.0478019,0.0,0.0,0.0,0.0,0.0,0.0,0.078851685,0.0,0.0,0.0,0.31947994,1.4866495,0.0,0.0,0.0,0.1725561,0.044973,0.0,0.0,0.2810827,0.0,0.0,0.65129817,0.05978947,0.90803635,0.0,0.22080152,0.57077074,0.42466408,0.9555992,0.5345731,0.06366544,0.74965894,0.0,0.5434094,0.09940916,1.0160981,0.45467138,0.0,0.74341446,0.0,0.0,0.5836456,0.0",0,0.63714355,3.8516426,-8.569128
155,[퀸잇특가] 체크 프릴 리본 원피스 RL2OP950.jpeg,"0.54176044,0.0,0.70467114,0.0,0.0,0.0,0.0,0.0,0.13086712,0.0,0.628032,0.05160749,0.0,0.0,0.0,0.83887964,1.6892068,0.4559499,0.0,1.1522741,0.0,0.0,0.0,0.0,0.0,0.0,0.0,0.0,0.0,0.0,0.20073688,1.6870555,0.0,0.0,0.0,0.61283386,0.061214283,0.0,0.0,0.0,0.0,0.0,1.082813,0.0,1.0620359,0.0,0.0,0.23891985,0.42649102,1.2658746,0.61713934,0.0,1.4338937,0.0,0.0,0.61341125,0.7196145,0.0,0.0,0.23581254,0.0,0.0,0.0,0.0",6,0.90706587,0.5910019,8.886708
156,[퀸잇특가] 하이넥 플라워 자수 롱원피스 RL2OP900.jpeg,"0.8872124,0.0,0.62184227,0.0,0.0,0.0,0.0,0.0,0.52730393,0.0,0.8344601,0.28104722,0.0,0.0,0.37964627,0.56774557,1.4830368,0.35009903,0.0,1.2258488,0.0,0.0,0.0,0.0,0.0,0.0,0.0,0.0,0.0,0.0,0.45734861,1.7081937,0.19678804,0.0,0.0,0.8618109,0.3169824,0.0,0.0,0.0,0.0,0.0,1.0659914,0.0,1.1432785,0.0,0.20680757,0.32953724,0.43684733,1.2040421,0.46348757,0.0,1.6395357,0.0,0.0,0.4063762,0.8668852,0.0,0.0,0.1129122,0.32035625,0.0,0.0,0.0",6,0.92317414,0.77086395,8.025356
157,[프리나인]드레이핑원피스FRO31061A.jpeg,"0.0,0.0,1.0147874,0.0,0.0,0.0,0.0,0.33784792,0.24104416,0.0,1.4206791,0.0,0.0,0.0,0.23054408,1.2720091,1.3108637,0.0,0.0,1.1737959,0.0,0.0,0.0,0.0,0.012056142,0.0,0.0,0.0,0.0,0.0,0.32634774,0.9373053,0.0,0.0,0.0,0.17075104,0.0,0.0,0.0,0.0,0.0,0.18489921,0.45862997,0.0,1.2220781,0.0,0.52596664,0.9248079,0.886565,0.837623,0.69926894,0.0,1.1290253,0.0,0.6262698,0.0,0.8413364,0.18396151,0.0,1.0574768,0.0,0.0,0.37221512,0.0",0,1.1763366,2.1975362,-7.9145427
158,[프리나인]바캉스판초FRA32001A.jpeg,"0.0,0.0,0.7291643,0.0,0.14936621,0.0,0.0,1.3242693,0.46345043,0.0,1.7521945,0.2917974,0.0,0.0,0.12466195,1.3396192,1.1466823,0.0,0.0,1.3934608,0.0,0.062371954,0.0,0.0,0.0,0.0,0.0013400316,0.0,0.0,0.31172723,0.27656603,1.0483928,0.0,0.0,0.0,0.031007051,0.0,0.0,0.0,0.0,0.0,0.0,0.43956715,0.0,1.1938487,0.0,0.53498715,0.89030045,0.71102965,0.895907,0.30272758,0.0,0.26349333,0.0,1.1170754,0.073888436,1.1003861,0.0072988123,0.0,0.8896773,0.0,0.0,0.95802987,0.0",0,1.5712024,6.0846095,-7.973742
159,[프리나인]와이드린넨점프수트FRP31079A.jpeg,"0.9831178,0.19360238,0.7694026,0.0,0.0,0.0,0.0,0.0,0.38500607,0.0,0.60394776,0.5011257,0.2697159,0.0,1.1471385,0.35509774,0.8079483,0.26116556,0.0,1.5121051,0.0,0.0,0.0,0.09934431,0.03957914,0.0,0.0,0.0,0.013544828,0.0,0.8438896,0.41363907,0.8981464,0.0,0.0,0.564185,0.039563447,0.0,0.0,0.0,0.0,0.4651426,0.97957426,0.2702667,1.951321,0.0,0.20734903,0.5157685,0.5257065,0.5708001,0.035657763,0.0,1.4836788,0.0,0.0,0.0,1.0516427,0.6837423,0.0,0.061783925,0.0,0.0,0.0,0.0",9,2.3615136,4.351358,2.752236
160,[프리나인]이유니트세트FRZ31067A.jpeg,"0.0,0.0,0.9182172,0.0,0.0,0.0,0.0,0.469735,0.4289333,0.0,0.8651904,0.0,0.0,0.0,0.30295837,0.87051785,1.3155518,0.0,0.0,1.1849656,0.0,0.0,0.0,0.0,0.0,0.0,0.0,0.0,0.0,0.0,1.0280496,1.2923261,0.0,0.0,0.0,0.484349,0.35138884,0.0,0.0,0.0836737,0.0,0.0,0.63848233,0.0,1.198393,0.0,0.56087476,0.67961395,0.5447663,1.0062802,0.74860746,0.0,1.1383733,0.0,0.0,0.08445269,0.7921246,0.72511613,0.0,0.7119544,0.0,0.0,0.36326697,0.0",4,0.6344925,-0.78786534,-6.5336137
161,[프리미엄] 셔링 데님 원피스.jpeg,"0.38387278,0.0,0.7319784,0.0,0.0,0.0,0.0,0.12512226,0.5017002,0.0,0.9719191,0.5077607,0.0,0.0,0.7181175,0.04301381,1.6490546,0.37699905,0.0,1.3018341,0.0,0.0,0.0,0.0,0.0,0.0,0.28237128,0.0,0.11172025,0.0,0.0,2.1845338,0.09010413,0.0,0.0,0.6705725,0.059043467,0.0,0.0,0.0,0.0,0.0,0.32477593,0.0,1.6941258,0.0,0.3220405,0.72836584,0.40368026,1.660217,0.46042368,0.0,1.544911,0.0,0.0,0.3159657,0.78544074,0.4720797,0.0,0.0,0.0,0.20416315,0.22258072,0.0",1,0.94990444,-7.1306453,7.7538133
162,[헤레이스]하루청원피스.jpeg,"0.28700328,0.0,0.96161723,0.0,0.0,0.0,0.0,0.6983356,0.2913124,0.0,0.9867757,0.0,0.0,0.0,0.4181131,0.703222,1.3855014,0.0,0.0,1.2716193,0.0,0.0,0.0,0.0,0.0,0.0,0.049007416,0.0,0.0,0.0,0.9453901,1.4030882,0.0,0.0,0.0,0.42020842,0.26042348,0.0,0.0,0.31952906,0.0,0.0,0.52691305,0.0,1.3242302,0.0,0.4966042,0.42793122,0.42496407,0.98557365,0.7063353,0.0,1.0705965,0.0,0.0,0.0,0.699022,0.6744269,0.0,0.30718338,0.0,0.0,0.4110334,0.0",4,1.0133853,-0.49526694,-5.561933
163,~77까지 [벨트set]뉴트로패턴반오픈원피스.jpeg,"0.5165526,0.0,0.59500325,0.0,0.0,0.0,0.0,0.28907365,0.4621737,0.0,1.379295,0.2503079,0.0,0.0,0.054394595,0.76901686,1.7926646,0.11467284,0.0,0.7832419,0.0,0.0,0.0,0.0,0.0,0.0,0.06561223,0.0,0.056867987,0.0,0.5285888,1.5758317,0.2399059,0.0,0.0,0.67454076,0.41713035,0.0,0.0,0.07143237,0.0,0.0,0.6030854,0.0,1.6077962,0.0,0.13028823,0.7024343,0.27021056,1.0538365,0.5278109,0.0,1.4439011,0.0,0.0,0.0,0.71276593,0.2991471,0.0,0.19190659,0.18301034,0.0,0.34295407,0.0",8,1.0423492,0.8234223,1.7572136
164,~77까지 [벨트set]셔링넥튤립슬리브패턴원피스.jpeg,"0.28654468,0.0,0.53487307,0.0,0.0,0.0,0.0,0.3535712,0.62382424,0.0,1.6611278,0.4016059,0.0,0.0,0.064443074,0.82445854,1.4059799,0.36278915,0.0,1.0693295,0.0,0.0,0.0,0.0,0.0,0.0,0.0,0.0,0.0,0.0,0.39558864,1.9171915,0.0955582,0.0,0.0,0.47978288,0.16658291,0.0,0.0,0.1676281,0.0,0.0,0.9150785,0.0,1.3858428,0.0,0.2567223,0.48100704,0.35476995,1.1688943,0.18222496,0.0,1.3760047,0.0,0.073756695,0.053881735,1.005988,0.17224975,0.0,0.18188468,0.2956012,0.0,0.3325898,0.0",8,1.0062242,-0.61375594,1.8157575
165,~77까지 럭셔리시크셀럽원피스.jpeg,"0.21954745,0.0,0.4071367,0.021809444,0.0,0.0,0.0,0.0,0.4981281,0.0,0.7943083,0.42389733,0.0,0.0,0.055184726,0.8225262,1.390767,0.062057287,0.0,1.6131756,0.0,0.0,0.0,0.0,0.0,0.0,0.0,0.0,0.0,0.0,0.1881851,1.9930995,0.0,0.0,0.0,0.2965497,0.15456511,0.0,0.0,0.34691465,0.0,0.0,0.7826332,0.0,1.0530728,0.0,0.36787465,0.21253954,0.6089203,1.1456923,0.468067,0.0,1.1670567,0.0,0.0,0.46150392,0.7352818,0.17820516,0.0,0.57819515,0.0,0.0,0.20417508,0.0",6,0.99833983,-2.3348005,7.88703
166,가을 브이넥 긴팔 랩스타일 A라인 레드 호피원피스.jpeg,"0.39636537,0.0,0.68803257,0.0,0.0,0.0,0.0,0.37267706,0.32932198,0.0,0.3665341,0.0,0.0,0.0,0.016623788,0.83905435,1.6368726,0.101709425,0.0,1.3308133,0.0,0.0,0.0,0.0,0.0,0.0,0.0,0.0,0.0,0.0,0.048260514,1.5073816,0.0,0.0,0.0,0.4192186,0.3399723,0.0,0.0,0.0,0.0,0.0,0.5733179,0.0,1.2554147,0.0,0.029289678,0.49400523,0.3542521,1.2307295,0.5457985,0.0,1.064892,0.0,0.14703661,0.30584097,0.61807764,0.12609224,0.0,0.5883157,0.07676083,0.0,0.49453142,0.0",2,1.0348997,-1.6852696,5.1274652
167,가을 슬림핏 보헤미안 브이넥 긴팔 A라인 랩스타일원피스(2color).jpeg,"0.26742613,0.0,0.74036694,0.0,0.0,0.0,0.0,0.38401076,0.757023,0.0,0.39328623,0.0,0.0,0.0,0.2732596,0.5716743,1.7564417,0.1398859,0.0,1.48307,0.0,0.0,0.0,0.0,0.0,0.0,0.0,0.0,0.0,0.0,0.27862388,1.2605212,0.0,0.0,0.0,0.42466375,0.3728365,0.0,0.0,0.0,0.0,0.0,0.74303126,0.0,1.1036112,0.0,0.263713,0.67440706,0.38455757,1.3280649,0.42521623,0.0,1.1004677,0.0,0.013955504,0.14379206,0.84745437,0.54617876,0.0,0.050527714,0.0,0.0,0.48798078,0.0",7,1.0058475,-1.2708629,4.5036106
168,골드장식 긴팔 플레어 벨트 원피스_B1909OP902C.jpeg,"0.10470986,0.0,0.68789595,0.056285165,0.0,0.0,0.0,0.19006303,0.79216176,0.0,1.0627781,0.6212281,0.0,0.0,0.0,1.2019298,1.0765314,0.34384304,0.0,1.9017959,0.0,0.071278244,0.0,0.0,0.0,0.0,0.0,0.0,0.03967077,0.23523334,0.40910178,1.9476492,0.08851846,0.0,0.0,0.2547941,0.37166694,0.0,0.0,0.060628545,0.0,0.0,0.95855325,0.0,1.4061215,0.0,0.70861965,0.009657949,0.60660374,0.9235974,0.3392427,0.0,1.2812285,0.0,0.3973012,0.5659058,1.1789206,0.026309878,0.0,0.35096723,0.26517853,0.0,0.48131236,0.0",6,1.4660028,1.8375525,10.607227
169,글리터 플리츠 셀린 원피스 1종.jpeg,"0.0,0.0,0.084681004,0.0,0.0,0.0,0.0,0.015353054,0.59843314,0.0,1.3022573,0.49160126,0.028538764,0.0,0.37589958,0.32801247,1.3366336,0.06513554,0.0,1.3929553,0.0,0.0,0.0,0.0,0.0,0.0,0.31920484,0.0,0.0,0.0,0.45900774,1.7514342,0.20141003,0.0,0.0,0.45065066,0.36861944,0.0,0.0,0.0,0.0,0.0,0.77193993,0.0,1.5390167,0.0,0.3646421,0.45039207,1.0679833,1.2205042,0.54787064,0.0,1.1398879,0.0,0.0029463768,0.0,1.0772578,0.3760954,0.0,0.0,0.0,0.21845478,0.0,0.0",8,1.0497133,-0.063286,3.809587
170,글리터링 트위드 원피스.jpeg,"0.06824747,0.0,0.48803115,0.16878462,0.0,0.0,0.0,0.045466196,0.064608395,0.0,1.22849,0.0,0.06768706,0.0,0.3343975,1.0100182,1.5033545,0.0,0.0,1.4164292,0.0,0.0,0.0,0.0,0.0,0.0,0.0,0.0,0.0,0.0,0.3488125,1.240974,0.0,0.0,0.0,0.42954227,0.19981396,0.0,0.0,0.0,0.0,0.0,0.96679324,0.0,1.3519498,0.0,0.0,0.44372547,0.43811792,1.1468109,0.5091444,0.0,1.1648743,0.0,0.0,0.0,0.8279345,0.34200913,0.0,0.52909213,0.0,0.0,0.35496417,0.0",8,0.9901351,-4.089064,-1.9933873
171,기하학 패턴 원피스_VOCOAYM6476.jpeg,"0.47308418,0.0,0.8487861,0.0,0.0,0.0,0.0,0.0,0.80125767,0.0,1.0515347,0.41076446,0.0,0.0,0.14723796,0.79651546,1.2147368,0.6707562,0.0,0.9230032,0.0,0.0,0.0,0.0,0.0,0.0,0.0,0.0,0.0,0.0,0.15492217,1.6189983,0.28907382,0.0,0.0,0.92387205,0.39670187,0.0,0.0,0.0,0.0,0.0,0.9025237,0.24784303,1.3884486,0.0,0.21475527,0.15663347,0.08182812,1.2469653,0.42498624,0.0,1.4355247,0.0,0.15846568,0.69494516,1.1617541,0.0,0.0,0.33503866,0.2871637,0.0,0.0,0.0",6,0.99419564,-0.6970456,11.355535
172,기하학 패턴배색 벨트원피스.jpeg,"0.0,0.0,0.110098936,0.2281886,0.0,0.0,0.0,0.753386,0.1453723,0.0,1.3465414,0.0,0.0,0.0,0.5129467,0.84315133,1.8692409,0.0,0.0,1.6342003,0.0,0.0,0.0,0.0,0.0,0.0,0.1981701,0.0,0.0,0.0,0.026350379,1.6848565,0.0,0.0,0.0,0.3716518,0.21573219,0.0,0.0,0.17432697,0.066683635,0.0,0.6115363,0.0,1.254822,0.0,0.55032116,0.8230672,0.94241834,1.4695643,0.2187527,0.0,1.3078712,0.0,0.050083607,0.08128029,1.0385011,0.32195356,0.0,0.12468392,0.0,0.0,1.0677791,0.0",3,0.9704384,-4.687162,0.45274046
173,꼬임패턴 브이넥 원피스.jpeg,"0.0,0.0,0.16865754,0.115139365,0.0,0.0,0.0,0.0,0.44724917,0.0,1.5870837,0.10612661,0.0,0.0,0.33278173,0.69049966,0.9416659,0.0,0.0,1.5187616,0.0,0.0,0.0,0.0,0.0,0.0,0.58732754,0.0,0.0,0.0,0.7026532,1.4546099,0.29592186,0.0,0.14173847,0.03980452,0.5065839,0.0,0.0,0.0,0.0,0.0,0.9788359,0.0,1.7645855,0.0,0.8032731,1.0574168,1.1787168,1.3814173,0.11481574,0.0,1.2757795,0.0,0.46833113,0.20858675,1.2500184,0.36790884,0.0,0.35993928,0.026013017,0.0,0.29475257,0.0",3,1.5623546,2.352439,-3.037798
